	document	pc1	pc2	pc3	pc4	pc5	pc6	pc7	pc8	pc9	pc10	pc11	pc12	pc13	pc14	pc15	pc16	pc17	pc18	pc19	pc20	pc21	pc22	pc23	pc24	pc25	pc26	pc27	pc28	pc29	pc30	pc31	pc32	pc33	pc34	pc35	pc36	pc37	pc38	pc39	pc40	pc41	pc42	pc43	pc44	pc45	pc46	pc47	pc48	pc49	pc50
0	838870_v1.xml	0.49695047461987685	0.47302780178902104	-0.03245816016293501	-0.1040155256091404	0.0367880557386171	-0.14937202433667762	0.06325963388779143	0.12471903555452912	0.12500458307031737	0.0176153128978781	-0.22356951473159614	0.19086440651405745	0.022232433076169067	0.07740984427835196	0.020911033666913492	0.08611475398644308	0.0552985310179146	-0.008003111536244223	-0.10644600086081923	0.02727943004380029	-0.12919579265906944	-0.13085449898332602	-0.03854255811073304	0.027485573872048863	0.07926353706335132	-0.0006700330739191074	0.0939548400606558	0.005612168383263172	0.01125618371782311	0.12366786005873098	0.05203301765068036	0.02296925462260324	0.010730630474638181	-0.1934559289945279	0.005118415259174891	-0.036320210226221006	-0.17750859473427316	-0.013197751114574663	0.03461946235044111	0.06187582526697033	0.08671805186424186	0.03809309101741276	-0.1276566273376687	-0.12679631469017627	0.0023761400258245358	0.12749549926426929	0.026184520531347344	0.07337214780115775	0.03135602548885463	-0.033719513878979424
1	2020.02.13.945485_v1.xml	0.4006871629342217	0.5538890190997394	-0.03312836114972617	-0.0013040917817843667	0.0355428578411785	-0.07645638439639568	-0.0006044437925574186	0.09427775641837333	0.1190233804090044	0.04308550236493347	-0.35268887639201507	0.013836746024403879	-0.07278357900005505	-0.04488488826697434	0.05879856763103308	0.002265833609877199	0.04665637501463271	0.05463277367227759	-0.07241083112805713	-0.11060369047413299	-0.10744923096779568	-0.12692063207400683	-0.031623927145025155	0.08919979709551018	0.07630712817140528	0.018251734887745674	0.1149315851434558	0.017916984060570185	-0.0007654193379320606	0.08565056990802544	0.027537779757315417	0.054104826036631026	0.08521637645017077	-0.1586779216138754	-0.0008521712763260858	0.0064889926044934265	-0.1840885076243104	-0.011188833782004304	-0.015731423844641323	0.07920417234981847	0.15112783089685855	-0.05252967427887123	-0.07315458600906966	-0.04353254889775737	0.046980077909443585	0.10023988997549171	-0.011275402044328864	0.05327868704508287	0.06194183757860516	-0.045853163070425085
2	2020.01.13.905190_v1.xml	-0.4518240300043648	0.022776317015360203	-0.09395370623797561	0.2449916907730446	0.17308772507853698	-0.17238818484570384	0.32887056420677585	-0.11302157784420253	0.031419971795128676	0.028199319931136446	-0.2100947100169115	0.1844431340510886	-0.07189987629295036	-0.064503088386483	-0.04741662872135732	-0.10426697909908378	0.10509004285892598	0.10220776268257903	0.09831134843166445	-0.031069202248807493	-0.09584527057757253	-0.16805745305640674	-0.05483646365053185	0.03543358453934975	0.08972663141895365	0.03263821751418128	0.19644408274053649	-0.02312195000618389	0.018427446157998184	0.029935392510888614	0.018032126545903027	-0.01700583216272067	0.09286027990433465	-0.17177158354132294	0.032599649504399975	-0.03439005790453953	-0.15922445145933128	-0.0006838436955645122	-0.016260646615840146	0.09772233614474879	0.12137491056012006	0.022715098651039045	-0.10083258441960985	-0.04819006903932799	0.051187473169541864	0.13329647649555454	-0.019289013924942866	0.08515215892932648	0.028548721019563406	-0.08201044970899507
3	865089_v1.xml	-0.14237129627753276	-0.2503050009325727	0.19492981760214545	0.09277641477681153	-0.10203764708065344	-0.12485863060968505	0.20412232419152343	0.22414182652575887	-0.026321502496628568	0.09915570586363953	-0.37466214171923085	0.06670680681654229	0.07379915453521357	-0.02995425313874689	0.14501664292931016	0.020207068215675528	0.06462066156882262	0.15777630253702046	-0.16482748959776772	0.0009694730806611984	-0.11746949097460746	-0.16593235523365668	0.0064310204372125535	0.014880834134684773	0.09574187308292981	0.08229082189046133	0.1238661944842333	-0.0913788595470657	-0.007584015770784269	0.03696002951197941	0.09305075645657024	-0.02584827956453739	0.1495022847247679	-0.21959159391513827	-0.03001876498461331	0.009521584697431695	-0.19289157444200522	-0.026164365400257905	-0.03976832207235126	0.04897733341091792	0.1215663306340875	0.0781041638585036	-0.17237395622714513	-0.11848455400605684	-0.014561183036477354	0.17348052789394386	-0.007756331947360362	0.07860332103574685	0.04115936761920724	-0.07255308315976605
4	832675_v1.xml	-0.19022161164429718	0.00200463285459318	0.04560103305147256	0.09855847185915667	0.20554818134616293	-0.30778328861476245	0.37109417347133666	-0.08300029219511162	0.06801625379617304	-0.22372756377342906	-0.2665080584696353	0.22393209100695066	0.05300848721275442	-0.049730895017626287	0.045998324560301396	-0.17174321772992363	-0.10707615258998793	0.16651256097562395	0.039101654787603524	-0.1201016163119355	-0.18135528350326924	-0.08829607603701084	-0.006790994678503415	0.027288219900537203	0.012789168524352301	0.04446615834473211	0.20624152829495646	0.039635926820577705	-0.04700496214735406	-0.001756682192667558	0.03367026846230603	0.007774523867023819	0.08792663286663716	-0.18952115666397384	0.03023868482705161	0.0025273021567091547	-0.1459544241892181	-0.09116098519009741	0.012996010814732895	0.06225541198801399	0.14650219628608485	-0.012283959050773063	-0.15092958294024128	-0.05393231126615272	0.014384378421107069	0.0973119206937082	0.014864184023176685	0.025925905205192	0.060890522156947346	0.019093228059276712
5	2020.02.29.965418_v2.xml	0.5359879624796057	0.05615319300544075	0.07472463830776632	0.06351532836041096	0.09862581198001696	-0.12016820242222082	0.4967023307254934	0.0925615897705443	0.11008053366483239	0.08776397800112112	-0.23270873605529796	0.0075330524925708575	-0.06104881326807132	-0.07649261013033581	0.07079820725284414	-0.02150672475853188	-0.03194542015349833	0.06346688391648647	-0.13649870645518392	-0.161358662477729	-0.0654073657158194	-0.15867846466650737	-0.017857447431156137	0.05467140252747604	0.03812490193502904	0.06912648011332412	0.11095978775620186	0.003407904185052768	0.010620190892052905	0.07080873666015652	0.0025855726667251	0.05209582815979319	0.09922719664261126	-0.13822057890168793	-0.010481220734404717	0.031320254355537536	-0.12586242776561374	-0.0216866737663044	-0.0027635782151957944	0.05849893936638795	0.11693383264424617	-0.01696781062267716	-0.08544038354189931	-0.06513237201774258	0.047760836133510676	0.09389863302255719	0.0014414329907489476	0.08629936859804477	0.07861169322749051	-0.03801697171688523
6	785691_v2.xml	0.48003867568006053	0.40273996241998955	0.045197395726633616	0.2120613580900793	0.20683847801768174	-0.35708271042979467	0.17620891482265544	0.014549926392628532	0.090762932108438	-0.08163231028975759	-0.294017890763588	0.14012501282483802	0.031023684975009624	-0.0014720242916650417	0.045638930403877676	-0.02591604644869716	0.004516681040419912	-0.004681950864969142	-0.05428325863805439	-0.016223540222491506	-0.13132349341713234	-0.11834504525267309	-0.04344292813528883	0.03532834772411875	0.02528318751425318	-0.00596374145882983	0.08827770501203203	-0.02015747154862635	-0.0755204374176155	0.05448817929181904	-0.008122006937034687	-0.00889590131992768	0.08554061157424964	-0.13440176983617547	-0.06505189653754284	0.016133431672765486	-0.10053886113381538	-0.03995149618427929	0.023573298176988056	0.05373506794526883	0.1165927205052475	-0.015957381354270606	-0.07436337749557898	-0.056232081853715865	-0.02853624076220651	0.11473390254112914	0.05064467721208821	0.012194525707765913	0.06550003838566898	-0.042158912679038485
7	2020.02.16.951913_v1.xml	-0.11878968051675454	0.2548683376616734	0.14831303612368785	0.3841418469416994	0.05062187552147068	-0.14986940447502706	0.32816195623901123	0.27537837203630344	-0.017707296200098588	0.005131171078149643	-0.42735599047073736	-0.002559669780082263	-0.05077468102591043	-0.0440946021930253	0.014212039810657662	0.019052648671460615	0.02452298621213722	0.03759976515299912	-0.0745543295878699	-0.04507169263715971	-0.06364828749883245	-0.2514466880842019	0.042216248004402046	0.03324572131274717	-0.05525585730054017	0.02552533005895663	0.14411969654348078	-0.009527012980974803	-0.006080547437674388	0.06902477311654487	0.035142937884868	0.03678311882588958	0.06488417602400343	-0.1634811821612976	-0.06375977649906983	0.04902047348647742	-0.17147569792552697	-0.07189106905859055	-0.03990228101133386	0.08749005532668297	0.1629126135316742	-0.015190993927852281	-0.0794398465876871	-0.06745554111994045	0.02841671680056057	0.07222464030301234	-0.02224943430883708	0.06763865118031209	0.03386115309511328	-0.05444432689116985
8	2020.01.22.914952_v2.xml	0.19884000135919466	0.4060581673856982	0.14471299478118171	0.08021894685848951	-0.005043261671707322	-0.09065366752257598	0.1946234988108162	0.06709376929132549	0.14753148332439447	0.11815829192134986	-0.4320846573409085	0.042863013514797266	-0.13588306457761412	-0.06309846481382486	0.04604468037033471	-0.02923542989448147	0.035296201561542784	0.0692343944272279	-0.0969304661588859	-0.1844094857316969	-0.12518590373770744	-0.1568652720630026	-0.030312054211832917	0.07559993314343283	0.02215192679414768	-0.00035190462749334905	0.13713010072658427	-0.023045503829190572	0.029692201090628867	0.08228704747503401	0.08968990963028645	0.05975367187113034	0.0869750124575519	-0.16071692849960728	-0.017887634850181522	-0.008203696465694632	-0.18457654503506715	-0.00838369173322806	0.0005585710738090777	0.08335891239408388	0.16742643220418763	-0.0556743410712508	-0.0791769876185926	-0.06505822920552884	0.028501653412411843	0.1431962944127444	-0.03056104631439882	0.07162761622570946	0.06630835397385193	-0.07068613319359618
9	819037_v1.xml	-0.0714448680652755	0.0671434054218999	0.026152644797666103	0.5644969713916373	0.21895329698350907	-0.08470430936330664	0.08178617590729731	0.2047994644508151	-0.040561040326102527	-0.07782815359833406	-0.22525490633972334	0.14891409877606954	-0.02074577945505185	0.07897068016832554	0.061536123030913825	-0.0952557285518143	0.10988975844274429	0.009891566877578417	-0.047023646471784364	-0.11883857210361204	-0.16453616375553048	-0.22920626991355086	-0.11402348200555101	0.009644728271542502	-0.059806583149599746	-0.08295919715712508	0.11462833326993527	-0.04658360089987923	-0.0322938495010856	0.11222016329784656	0.11545861575284455	0.022572439579724435	0.06467917259019329	-0.23374789828043485	0.01642096432800988	-0.02021578122679779	-0.15874667360627814	-0.032105204670182186	0.03181919966634217	0.02453473697737729	0.09930967924517287	0.005853957084228423	-0.11488580079152655	-0.08670409664267775	-0.006722346891655739	0.14296120926377298	0.005566435994321051	-0.0013716673622501396	0.04503506221785225	-0.03189606396416411
10	2020.03.21.001933_v1.xml	0.42169425696582863	0.33233871716941965	-0.07669389915293379	0.22913500113636165	0.35315005598987403	-0.12953376300230346	0.16029785520108053	-0.07519171461620822	0.04886927101485583	0.06125396139260486	-0.26877305837090604	0.0661276709474452	-0.09229829544952661	0.019927599838029275	0.015790282507371356	-0.02957417542119911	0.052454828966348344	0.013942254532328335	-0.13339041297410992	-0.03937083209464687	-0.12685143830519752	-0.17757231081650948	-0.019216609071713853	0.07228727844298388	0.04045458894320597	0.03117377133306254	0.10891589140143942	-0.044949683671513085	-0.0431414975612463	0.10889344461526651	0.03195552082276576	-0.004076899743084672	0.12326864985059294	-0.18877455960083744	-0.04081658185892145	0.028379641992146265	-0.12720255725851293	-0.05810211274475141	-0.0015818197320491834	0.04697565299993878	0.157317533452071	-0.027582890183158293	-0.10750999427986652	-0.09278297335518437	0.03533580127570324	0.0898279793420863	-0.004244828760181951	0.040966314612846166	0.08893637547481414	-0.048286206723166636
11	2020.02.17.952903_v1.xml	0.2172418450287501	0.1559422085161325	-0.2001390272859649	0.21146142702679183	0.3776223176638356	-0.08610572866372079	0.25519412522975293	-0.21225931165368705	0.01815886414992396	0.1535630452243507	-0.3407533832853864	0.05535719265017347	-0.10892625249152021	-0.06399899016911315	0.09113660532911139	-0.08463991064994159	0.09748172034959157	-0.0057002796795018185	-0.13731221227613033	-0.12023405253430242	-0.11976600651651115	-0.1905141546302529	-0.05581679873547096	0.08638446715931514	0.007560943324706693	0.054140927587276066	0.18503534320382486	-0.014512185440763492	-0.0023573800846901083	0.09478249734692235	-0.023858466424599545	0.0390889364399325	0.07129562729998984	-0.0864279840337514	-0.014965084528930861	0.016538569909279377	-0.12851089362512513	-0.03350316524853847	0.030385487784885923	0.062123245569350116	0.13333858107567098	-0.08200854869407892	-0.049189489878975756	-0.08419997681551106	0.06189724726485679	0.1291062520126376	0.0012654836885976906	0.10815716156137045	0.054484314344171336	-0.012362623513533677
12	2020.03.13.991570_v1.xml	0.0007333579078652175	0.2316975964224488	-0.1771954914930678	0.29014487220860263	0.3653417890870052	-0.07444855290409413	0.14872993945710844	-0.23452869531130371	0.020407350965033433	0.23160158883573745	-0.3567611515265392	0.040297827761113236	-0.18044543850332873	-0.045349999705482036	-0.028017875314564566	-0.10803491423769662	0.1371409952226934	-0.04974623441775483	-0.1478351294999194	-0.08637159291619212	-0.1124307542324916	-0.14703714938172352	0.008039710399402988	0.02812864948555238	-0.003216914612216515	0.017177643154632327	0.20530407332917355	-0.055748900288185466	-0.007033175217386667	0.07831794817986892	0.06339646735841276	0.030202684010971592	0.07141836469334018	-0.12237395020717678	-0.044652974111117016	0.03374382434981171	-0.12509839140230072	0.011299215275993868	0.02218093828704748	0.0513269418113268	0.09457466250595004	-0.09205346491747735	-0.07079833898498045	-0.0913367745582172	0.0053203541222149875	0.15121120329513893	-0.032567646959484664	0.04761542838522781	0.03949689556193203	-0.05746384696896634
13	813378_v2.xml	-0.1845356652126644	0.26150310323889525	0.13090177564083494	0.47779596236165256	0.002220702835588395	-0.18962986517739133	0.4028147702864442	0.12921115019228702	0.08028292482475774	-0.17854207658514065	-0.18299293949467632	0.0974464719763557	0.018500397058577978	-0.06723852448266898	-0.018043981583276025	-0.00683953659949843	-0.023272051675685024	-0.022097462801500933	-0.051907340418301695	-0.003993564081258283	-0.0749694239596208	-0.18875517589226787	-0.06929748689525228	0.044499848157654065	0.06876574017189485	-0.020655103145487352	0.040334400033870677	0.03844313674490263	-0.0542004535027667	0.18025076460190814	0.009670379666610884	0.03677861135593219	0.03871020448777207	-0.15551256942675518	0.006723819515786156	0.02808738061679772	-0.13886046163467736	-0.03809113054437274	0.005245565414782938	0.05785278200946786	0.14135294926386	0.005621476449794827	-0.07679841283627775	-0.08855426031504887	0.04315985959816404	0.09058395663252194	-0.005761579019843532	0.07358862762696916	0.10015840806440657	-0.0022147576195166163
14	2020.03.09.983247_v1.xml	-0.2219549105276899	0.09058784270236364	-0.13393829140194402	0.15983057128249367	0.19416864003467105	-0.14468849280413787	0.30171237518149163	-0.1374469067043611	0.10437629166836027	0.11424471264311165	-0.3845390107983033	0.05278908632503532	-0.11219689054208692	-0.012253255703891908	0.0071854659103075535	-0.04723257199669462	0.07093654817006989	0.018876370074981552	-0.11062171787643482	-0.0989417564240489	-0.1717641011840607	-0.20317315666587765	-0.06720105140985377	0.02473279417747154	0.03998487459053057	0.09313460810340157	0.14915318997484595	-0.06367864690411595	-0.03138528633911841	0.11409491971816244	0.032371902944286934	0.0237041936513811	0.08201637198117873	-0.18754500892060988	-0.021533375531034515	0.04883603001946257	-0.20254543386440593	-0.028237721783682668	-0.016744655902629413	0.06269945094456886	0.19613963810141444	-0.033538394052930354	-0.04633489183252926	-0.08476660309280626	0.04488517839369943	0.16626086010746588	-0.010975609623525395	0.07248078943242742	0.05005427499668913	-0.043852675275720676
15	2019.12.15.877035_v1.xml	-0.03186349647232967	0.2725943844067604	-0.19962819485063776	0.29433602969379713	0.13275919723893947	-0.328359936823033	0.18407606442430968	-0.027427664381246997	0.20214512402277762	-0.09882102918085067	-0.2321251174044865	0.27979993539363757	0.09043408020084076	-0.16963844255355642	0.010591070015321558	0.20646806070924906	-0.023248261006633353	0.0036748904256814763	-0.0857750202394556	-0.08823595310391608	-0.17907975985437807	-0.08640946973800911	-0.04728510193258484	0.027860281924121044	-0.005341327973738652	0.10650288266152907	0.09157257138042885	-0.04075895365686599	0.015534472256296228	0.0089662414491678	-0.016373968822895435	0.018380536680440818	0.13679212236372829	-0.2299909828907536	-0.04537369677333225	0.026820086060685977	-0.12183238161859045	-0.011408375343376242	-0.03208858554678984	0.022233214434740134	0.11089366360025621	-0.0004171364093390473	-0.13982533938120123	-0.07278683412148768	-0.02143862237586891	0.1617306815599302	0.02971379353861392	0.023923482034472254	0.052528823501436395	-0.04689783709232964
16	793000_v1.xml	-0.23047259611391802	-0.16698121220540418	0.2855638490674084	0.1974826097042156	0.03583811818678695	-0.14103898820010818	0.3336357999291446	0.013054909075619348	0.08213024509718725	-0.07179998554372147	-0.17526217968595015	0.1807727081747711	0.10688989812398186	0.011614208532954029	0.12137333461559174	-0.0741039027685273	0.19343099173519152	0.10929075750904393	-0.06599054951934513	-0.0346567605117436	-0.14362742055795685	-0.19782832324637134	0.006727846968015427	0.05832283707249175	0.058840936602454486	0.048545568882592205	0.187717124171771	0.05814683429250378	-0.05373118453510228	0.05194851967218739	-0.058322262157982196	0.03577620937681303	0.042246524061600454	-0.24289738594857524	0.007901035024324377	-0.007442167599913896	-0.16107227167349714	-0.0392232405800097	0.02721560613823959	0.12359085686310323	0.1661853579498963	-0.007435304744895177	-0.10857269061230523	-0.057731801104952574	0.001637531840356532	0.1306179233030348	-0.02542666480816913	0.004987507149651682	0.0942753128634326	-0.04015963796919886
17	768648_v1.xml	-0.3116029554148594	-0.056961299797527065	-0.05143223177939338	-0.028594362528340023	0.08118540929413098	-0.14216869143687938	0.394626961742355	0.022661150840669997	0.1239416664051004	-0.005981955660995686	-0.2957258603102437	0.10414790647883632	0.025660669522896584	8.190653610440357e-05	-0.058047671571505255	-0.010175654591964012	-0.05821596698391995	-0.00920789787491283	0.026203838034785987	-0.06297964519193289	-0.21017463109649182	-0.21117730559544623	-0.06234492993785401	0.05974101801498466	0.05397872637382917	0.056416154399391516	0.03984449140476176	-0.07732890332342057	-0.026311398773854355	0.15026234931452143	0.025595222283838592	-0.06940127289593057	0.15474369879910466	-0.21376351347672373	0.060276949225849696	0.0982835236621854	-0.2495669554227118	-0.019270812373338275	-0.0393266715001197	0.013180281463373023	0.052452007323406935	0.017940937904223464	-0.1068872998898458	-0.06855288956146044	0.11495628389737567	0.09434375315258703	0.07686163177815841	0.06609724238465131	0.04263939452605714	-0.08283266321877125
18	2020.03.31.016170_v1.xml	-0.028390923034004922	0.09478863718475805	-0.3600804640442026	0.02339308337005286	0.12823595905786922	-0.1797626825767158	0.2900990683976805	-0.08946029249264575	-0.1861973072291554	-0.03226744241321544	-0.34460076661394123	0.25609437912581334	0.0487057351521728	0.016985444413486817	0.01701616869599809	-0.017147438566219808	0.024588497612435867	0.08739539524829687	0.006407770548170877	-0.016593955912653335	-0.10068100211568964	-0.25839252324746287	-0.04143281819857059	0.09439660594545807	-0.07006019264021801	0.006932084928288784	0.17190732752387172	-0.008014290673610924	-0.007727857132105331	0.06468358674304875	0.010784658967347482	0.043713317595574175	0.09130067868610636	-0.22387083517727202	-0.006304726249468429	-0.024586829072100747	-0.14892236190624097	-0.04336047836751877	0.0491406588757739	0.014812838993073951	0.11055117852874141	0.012847499334599166	-0.13735157860450276	-0.06802869745747264	0.05666441159571045	0.12131616633992093	0.021602448751925296	0.004575270691251521	0.07972771625625186	-0.03560808681781569
19	2020.01.26.920249_v1.xml	0.47395716038942726	0.46155282949323506	-0.004377832458315023	0.13428443836052195	0.21578201014150933	-0.11824131837159779	-0.027192330551700783	0.04164979397730473	0.09233652444462082	0.09993482812550991	-0.3241492699127506	-0.03497121744796927	-0.11008148101204851	0.005338729387073471	0.04736989905006184	-0.017657734741718834	0.007914960057732956	0.06917730591722171	-0.07364792190215064	-0.09961484222667139	-0.09599998490041073	-0.10956544575921612	-0.034389737725356584	0.11152805977601676	0.1056103760167223	0.05786730135613072	0.07837743241510575	-0.0206421018046965	-0.025652674417042443	0.06848008301913167	0.007710600619925345	0.06490144378054319	0.06857704698914313	-0.18010354328615974	-0.016003759848113308	-0.033512635689839865	-0.14162198745889265	0.015162183965354403	-0.02186641661943889	0.04657030961470321	0.1518535335418374	-0.07100216604678855	-0.06116549600445631	-0.03793734512103053	0.07766448196121967	0.11702165495110928	-0.004254018804105364	0.05426535149068046	0.0616177059998837	-0.014339331267081645
20	782359_v1.xml	0.541980461288095	-0.2465734462619995	0.1604034393763737	-0.08260288971870877	-0.10073194263522733	-0.23423118533106635	0.1639841578454586	-0.055354357515315034	0.034917681739521145	-0.026513680948289986	-0.26225357559910933	0.12512075246967103	0.13476558230843427	-0.11505358338177807	0.03100050987795855	-0.01955435856534593	0.01415487473083199	0.049954534440802556	-0.08497739075107646	-0.004648967524054637	-0.23179422587374754	-0.14430428475213075	-0.0011419006184398839	0.012616209607870688	0.009962364156398507	-0.008724691658064554	0.08971603984439125	-0.03348994944926331	-0.08589291233698804	0.07782227236571271	0.03423290360756881	-0.005377528572391821	0.013940079357815272	-0.19650264494588843	-0.0961178230594848	-0.008782544968754413	-0.13621201277754613	-0.07758247036034738	0.03608913466657315	0.022670006595553405	0.1783945889812305	-0.016546960503723174	-0.12160030267188904	-0.09414156494489068	-0.005439311532139612	0.09192175676143699	0.022465309164340086	0.029712568300638953	0.01307673601088355	-0.06001966786738899
21	863167_v1.xml	0.23005809456155357	0.30024257686985933	-0.20303395292933368	-0.2488389456898441	-0.029031828158396777	0.11785537296471749	0.1695705945340895	0.04468460253047324	0.1362882308162523	-0.11261265057303715	-0.16421109613897045	0.2784921987751985	0.08382081548476095	-0.031113861788958364	0.021412817284892527	0.16415396689343686	0.042093787620665735	0.20533673053024992	-0.14029537870049436	0.04800407546895802	0.011415747205198556	-0.1357576873863584	-0.06512893313408696	0.0017935722794331088	-0.0419378590840922	0.03697895358245262	0.04840571197031773	-0.031199951118340508	0.09998438364126161	0.11174833445823062	0.02965042855060629	0.008466981316803346	0.09239784043374843	-0.1946870869875168	-0.03108281675847757	-0.010307388629151815	-0.15850096971272087	0.0008643670220663813	-0.026952217065913997	-0.03225967656672024	0.17043772819059255	0.01454590128955846	-0.16456374103784954	-0.11084473204706158	0.03454004977396097	0.1323263709640743	0.011514407645508151	0.09529507632806355	0.0798468159753094	-0.026808042054684567
22	2020.03.02.968388_v1.xml	0.08834346348497368	0.25935092092609713	-0.30322028086993025	0.15953946250265494	0.3790044079622721	0.04099266001078894	0.06678683951498199	-0.1959101373696024	-0.049546702583997515	0.0845786502207998	-0.24571575202878315	0.052960791674767305	-0.07412371143721197	0.003936894906062083	0.053255879613622326	0.042119398462478363	0.040455021377603706	0.05700088858573027	-0.18815505362058538	-0.027813124027449065	-0.1777796292172089	-0.2053105128364332	-0.06292699919755629	0.05656667083125999	-0.03201626586867601	0.05067339906291923	0.19052723976146413	-0.0176579311843299	-0.0234017691723043	0.07263075176115819	0.03668177850605936	0.02188584961554696	0.10903883836523909	-0.19902386520611715	-0.006073962555405821	0.02766980185792034	-0.17786943354653695	-0.013377951408803712	-0.039245020928504015	0.027203200840521635	0.18732451656131022	-0.029903182337239098	-0.04362701120787871	-0.1443859934608407	0.0036049928982043733	0.14732069757290478	-0.05769883313790625	0.07690555905447338	0.03294492618584588	-0.03795726418444345
23	2020.02.11.944462_v1.xml	0.001299663962338049	0.1705882569019137	-0.43300822828669494	0.09532982760459952	0.1220285146253296	-0.1806423239442405	0.1321422867002333	-0.18838090146523223	-0.02989369554393595	0.15285893181205523	-0.31149450228479436	0.08541162158427962	-0.13791483258118054	-0.000539987064681613	-0.035214497030265024	-0.006883013613710576	0.09447401734618677	-0.03313608280623348	-0.13921804727075338	-0.10259509668105005	-0.20088222261191668	-0.17173078887487891	-0.05421756710275227	0.09051541545072062	0.0345620016624445	0.02307370498445316	0.22314222750754942	-0.028705027136477934	-0.01534292990588293	0.0687582383087525	0.05258199159447974	0.04564364867023474	0.08221215833716389	-0.14926209873950502	-0.008530782922481217	0.04625157073587738	-0.16558380774938164	0.024038101945476398	0.03750681833638736	0.02266744881848437	0.15417866241195133	-0.06136456979030824	-0.07445044279692103	-0.10122483717924213	0.0021352336483732026	0.17628251236659032	-0.05763916805457625	0.09535087073856874	0.03105686945590791	-0.05833147571377828
24	2020.03.06.977876_v2.xml	0.028712812708877822	0.24365285122476532	-0.31159590555334393	0.2264778009401388	0.3218969465853878	-0.09945831186480558	0.14325422270113874	-0.223110750471196	-0.04626219522659136	0.12956257627986945	-0.3718946087636854	0.10751883009933283	-0.027862194619227898	-0.0196410389734889	0.027801482731945937	-0.016242663318034367	0.08324092441872821	0.00942454784452218	-0.17183078277370512	-0.08694977532858084	-0.1481357067595781	-0.1628590944365702	-0.03052756650480326	0.03808255978650388	0.05833264775818181	0.02425870086505688	0.1846120792417223	-0.006785265450584221	-0.003948824555841002	0.09882741804430084	0.05949483746434159	0.06758418086014051	0.09659076351875706	-0.15502712905741922	-0.014122881658423347	0.03355793023678344	-0.1643073067851275	-0.023770546907692758	-0.0033584889936202345	0.03571919493594444	0.1483216747950009	-0.05929948488787384	-0.04282710449269067	-0.1410516045639596	0.034726229803140996	0.11929334402514269	-0.0036855015864787344	0.07095568481386383	0.02415214672197663	-0.05276555846192221
25	2019.12.17.880302_v1.xml	0.2849072879769188	-0.03496284436716568	-0.48268147191549016	0.010007509769831224	0.2243307151457582	-0.10084221531469506	0.18804103884444756	0.06721200924930892	-0.056524682219990074	0.15995357271013155	-0.2811020080796678	0.2101028826324396	0.13866897445541904	-0.0621046235398488	0.029718917303401038	-0.0038796682132442584	0.003141736406430895	0.04973009751847646	-0.1621331456889299	-0.00026899525404489033	-0.13457142584741044	-0.08596157560358608	0.01202448865133654	-0.06634186695848432	-0.004711609103703607	0.025871212002091304	0.055549865229409856	-0.07428993177126464	-0.008694803495395087	0.08299687454670113	0.02139544457323239	0.09665902722964892	-0.01325481657579708	-0.09832292894101435	0.0024794537225441005	0.009124305086332107	-0.15730976907573724	-0.055981770940645825	-0.0544803181060487	0.03302886523435378	0.1909486178533637	0.05671478784119943	-0.03157980223629586	-0.08600185108896952	0.014802076522082985	0.17213623287183533	0.008442806268823544	0.06177670557923276	0.1091426100225289	0.02574016991002659
26	842203_v1.xml	0.30087705255067587	0.2033273042151057	0.10825005837956725	0.2227269436048982	0.16901985288706523	-0.27442497527845555	0.2831885819864657	0.32651988017450273	0.09545165639756314	0.15712525485496376	-0.38283970946095947	0.10258365038364325	-0.010418890748713494	0.009335661709799714	-0.04068916603972106	-0.08241677778124035	-0.10540537477135992	0.01005682754096815	-0.1016882367312224	0.10249819800069393	-0.10222165184809073	-0.03515353863279236	-0.09446579410414047	0.014861802529372747	0.06287296402577647	-0.05912825445213765	0.07711197361092759	-0.029119746465103402	0.05433780755133222	0.0610550419885465	0.09273576033911946	0.006390132376206781	0.1288867689455957	-0.1318498303410085	0.034095366880891764	0.06494494663900452	-0.05996152350792583	-0.042309741810804935	0.006212031790381656	0.05128956867368284	0.1427200478401658	-0.002437913977714201	-0.08925220566981507	0.011781563357139091	0.023647270925814645	0.12786451679064914	-0.03081541915312669	-0.01373998860327963	0.004066596297800151	-0.041986472366352556
27	2020.02.27.967760_v3.xml	0.441193186169053	0.20993095357720926	0.12232246390865087	0.2690739707575376	0.16500418837713615	0.291151409582892	0.303804608702794	0.013208202665813018	0.13895243903762022	0.022088229401832526	-0.019854929085364237	0.04786511796310455	0.015810493045672946	-0.04039030687104361	0.008478749158240984	-0.015276142736393217	-0.011755263854747788	0.04280641069372193	0.05835318480275675	-0.047175265442395586	-0.026935884075819372	-0.023500399519387427	0.04435733713901313	0.11282300556672997	-0.06067883868542667	0.05449564177042221	0.05477543148851671	-0.03302042256844917	-0.06994836197559295	0.13863513723379872	0.012825229157691576	0.08652965854409034	0.2137377514803267	-0.09619527329564193	-0.0745329028100854	0.05302109676705491	-0.1548226752969779	-0.0957310049689315	0.028558268079985405	0.13209563748676834	0.1588480179163334	-0.06477158046054798	-0.11153061246037965	-0.10338770682600118	-0.030224441217572506	0.11098696439955258	0.005901180998989619	0.07569062644687186	0.03632418935031878	-0.001984547745875087
28	859892_v1.xml	-0.04629984754480976	0.45724958698770934	-0.010340293948568169	0.25670248133922136	-0.13215034702023565	-0.3025264988909211	0.24612084047566418	0.08726069269527137	0.15312236347881059	-0.04451896768283459	-0.20913244687690713	0.2527013410629184	0.019160535750297858	-0.08976400052157474	-0.0076746725528573645	0.1463349583673429	0.009856391883286242	0.0076684762996764855	-0.200887709472656	0.004489011074293114	-0.07902519505901684	-0.06933972379923792	-0.06451118185713622	0.0019704812031237084	0.005622831071336876	-0.03036492626281939	0.10247660056687069	0.07909816145533655	0.03952201827458124	0.07867424741745777	0.021891402811853644	0.06729246091444496	0.07353686317425234	-0.17583259830645437	-0.013177962002123955	0.001405810111911876	-0.15599027925339892	0.015986702594589897	0.035913501541641524	0.0965019490843696	0.1832039262311913	-0.02812242348883376	-0.1774770524336331	-0.08772509545134	0.025502834181029943	0.11253599836297346	0.015064368815232987	0.04661461694537594	0.09140143789792177	-0.022371584268375155
29	2020.01.21.914929_v1.xml	-0.25605318030913793	0.10564255578960191	0.04318633144748518	-0.04362534101378346	-0.005820342635020959	-0.08614896672183003	0.46863205650531126	0.011848459479174234	0.24891081810168525	-0.04556675743376637	-0.3470823434692014	0.13186758185937086	-0.11255905354303386	0.013376388703250752	-0.00540424449273913	0.02720452286252062	0.04507516782164722	0.03865259412046773	-0.015359742189676506	-0.1890902867870008	-0.09888154585105924	-0.19116632585478088	-0.054734355285481984	0.03155196891120282	0.06499925185305189	0.040760612561814846	0.08146623680578724	-0.102930697435349	-0.03391460889672637	0.09951455876537163	0.010928877124133374	0.029220034134786466	0.1609234760248608	-0.1662453564086508	0.015885121713794415	0.056163297894185504	-0.23048380407600044	0.0010809571307743848	-0.07816901220016859	-0.016416396333697403	0.14468633025116195	-0.10004239062944387	-0.030052793894950414	-0.06433087230924195	0.02365926576880839	0.07093099962028981	0.035558370811898166	0.07338551043743236	0.10152695771899878	-0.043210218316354965
30	2019.12.13.876110_v1.xml	-0.49959778130218213	0.19038821769774417	-0.15690773898299404	0.1749858461916337	0.1608278436217978	-0.14482486357882562	0.24956486426076685	-0.08758140994885322	0.2004504017185914	-0.04092172892508006	-0.12451257030996388	0.2567582614350804	-0.022990346811940787	-0.02924161900932032	-0.1094408639691995	0.0581029981543717	0.004041293278560398	0.0684359482606769	-0.012453511381912863	-0.0073067857038866535	-0.18828236219212613	-0.13042424576646283	-0.101492781239926	0.0277579075366845	0.004620155607765741	0.04404671715683395	0.10224495656620913	0.0015143556147035886	0.07117600113906175	-0.01758940454106095	-0.012961942237951884	0.0014053516749019668	0.1033971203882399	-0.24315939474715154	-0.03433282650470937	0.04829970521848226	-0.20319131091322262	-0.016389494523698644	-0.03982707081451564	0.013985768374694563	0.1277077150378223	-0.01630159068906356	-0.12114554333142058	-0.10611577974969211	-0.04659508556945502	0.13044915223763087	0.013692445811228193	0.08702535215505258	0.00952108666590934	-0.02734058781501547
31	2020.02.26.964882_v3.xml	0.08769820494080038	0.13144685415993984	-0.22944921621344605	0.20729104462579195	0.22010862226152095	-0.0785966265898157	0.32094691183719615	-0.2317925139707715	0.02055093549642728	0.09458205580477053	-0.3569200191078419	0.062201119122881066	-0.05965525646248726	-0.008727554854260022	0.009558263315906923	-0.12828985928980807	0.05342811444382234	-0.06764925764754404	-0.14521407348084936	-0.07796633789488938	-0.14976667029439894	-0.0629443502409639	-0.03301859243095495	0.020421234851843217	0.015507452553882528	0.015051299911452487	0.13940474092722888	-0.03747963566633761	0.008556231934180425	0.16197248643483486	0.058308561272400805	0.07175356329078497	0.08288375224110656	-0.211837811199316	0.05928810304070775	0.06608383879791979	-0.2045952674334517	-0.04275862764310423	-0.03144936120902542	0.03848060832587419	0.07157384100076414	-0.05420433294990468	-0.040837953162774054	-0.103582021972217	0.061770133812699246	0.13532281517152556	0.04610252027479966	0.12247360786108696	0.0857857184429266	-0.0458860981361493
32	2020.01.24.919159_v1.xml	0.5919511041139267	0.0024482220399431043	0.15019162389066942	-0.022980164338203934	0.18621214771707628	-0.1602938818240336	0.29648896882642206	0.07458196694185348	0.17558145896482247	0.1505884689608581	-0.26429662319160263	0.013750105578863026	-0.06708765969294794	-0.09590685477806615	0.13099752025438416	0.03972520581719963	-0.03271373259085797	-0.01882339108135067	-0.024990424174385684	-0.18729509304000036	-0.09369404096335954	-0.12984874687919246	-0.08716573241487047	0.0566913260897951	0.04678055047044771	0.04079427260395585	0.11216294566197771	-0.05791106545591673	0.005149718095633804	0.0352356980398858	0.054108602187526444	-0.02186223852900082	0.10012301025064974	-0.1696271509361189	0.058901777180994985	-0.016987093573965772	-0.1358802480672674	0.009826460885552502	0.018905766054222006	0.045184863230328554	0.10895924857340089	0.007902562135874036	-0.0504663232617244	-0.025591989970748852	0.016945137023915646	0.09027515253580543	-0.025932345935496093	0.057320167173905645	0.02827035799611577	-0.002448274099162706
33	774372_v1.xml	0.5272246786185967	0.558393007720545	-0.06979923288100309	0.11700896117038173	0.05464609266875575	0.17956547435579373	0.0318578062565934	0.09948637799149485	0.07273126788217488	-0.1664741129404954	-0.14077373878681554	0.09111294490974264	-0.0671989114181355	-0.033898070196639374	0.1390501242404465	-0.025021015296817106	0.009916376311554731	0.08692153058398777	0.029653779295638727	0.008318344103250941	-0.20626187249534977	-0.1512333715652423	0.05215786222638119	-0.03314588866067614	0.013428003935203936	-0.021085191449539797	0.056343584555254456	0.010803535433875244	-0.03921458933224353	0.02456827273829898	0.01255798301526212	-0.01925054687845762	0.05156845103290364	-0.13887187819681257	-0.034298366312812245	0.03622245189362683	-0.13638038869109081	-0.01184578607778164	-0.0005864515530256131	0.05517395194126895	0.08077412766027203	-0.00447101570197006	-0.03656527265716014	-0.05702189947642311	0.0015246069983798627	0.14136749515856306	-0.010277394289806674	0.02354876097554426	0.057728251522263796	-0.04002700081386146
34	2019.12.19.882274_v1.xml	0.13160723708320043	0.3835960881330389	-0.003640993469635534	-0.011164321013085177	0.09970257075146582	-0.29394432304338114	0.0888021543662545	0.2114995634936243	0.12728901456709352	-0.1403762986892112	-0.10999847815236663	0.10153581490690866	0.17176597779662128	0.10510176424892348	-0.07604176830448428	-0.08999675521543793	-0.11061173132138036	0.008379024872191776	-0.17221300809138107	-0.07081112799897205	-0.11855212205781096	-0.13759661215986152	-0.12663975477682987	-0.017113743812623428	0.022877811695542927	0.10064299237580643	0.2561293452116786	-0.04711762795668584	0.05532585980632165	0.1779659552402033	0.07308255761555693	0.05668592174844045	0.059299614807542644	-0.17575005488126227	-0.0867131951535065	-0.049500455939969656	-0.20508219017495932	-0.042334835361574674	-0.016476148915631095	0.12002798864297426	0.119386036595998	0.038893515554600855	-0.11218626141172772	-0.0712323388360212	-0.003845387058161398	0.12383683298574744	-0.000837230889015439	0.05621111359464126	0.053076263704714854	-0.0014084231508781908
35	2020.03.15.992925_v1.xml	0.2057260663146081	0.41534458405948893	0.08794141135437983	0.3487291653256228	0.23233500853682576	0.015596279057977891	0.2743859300303495	0.00416534151351744	0.04555938236283774	-0.016150840503442287	-0.3328081027943055	0.011925139845036625	-0.08710973374301911	-0.018120262654802044	0.06462447374333946	0.02249353296547174	0.02790916386294151	0.053182884311830936	-0.10140567823208957	-0.1580717396942588	-0.13433925739151675	-0.196161971759367	0.004624621247514504	0.07814490773841132	0.07474058167856668	0.006860156801359096	0.09864576520504942	-0.046319339402393966	0.014712057793901057	0.07298858467794156	0.011863494557882936	0.03846349609427979	0.06386596304890269	-0.15789518076501485	0.002068746109497366	0.015771589696492616	-0.19628879559153756	-0.027174059687353536	-0.018101354087347588	0.040820477055306115	0.16380522597633496	-0.033613748638552376	-0.06442665834496952	-0.07963079133146089	0.02619681515185812	0.10652443062097283	-0.020343195933311353	0.07491958427105128	0.07942757728011474	-0.03697717195627326
36	2020.01.28.923011_v1.xml	-0.04498640786514141	0.26363008863780446	-0.08278777311403851	0.27795215809618556	0.26980456542690434	-0.028893361493165903	0.2242098613732747	-0.24502167287424959	0.0828236695513973	0.21970693766653981	-0.343219472400484	0.03250648069252571	-0.22347989713829253	-0.032894802407637425	-0.01473224176506771	-0.13109573979587608	0.15966792266247354	-0.05693848218183506	-0.09847618576297679	-0.12581168872173665	-0.06303616074572038	-0.14275761085876315	-0.040531598841833105	0.0633683033583392	0.014781283042218263	0.048635121188863484	0.13272083697050974	-0.06621612612043837	0.008333040275501635	0.10518691684540216	0.05464258605979544	0.0133178563180687	0.047412398096990827	-0.09870035172907299	-0.0500217147705857	0.04582385099801123	-0.16626174940098526	-0.0033491225781665523	0.04540159091824081	0.05070402260031637	0.09744735293316764	-0.10267681009166152	-0.0838843415408681	-0.03838251944731219	0.041751825663930986	0.1637928854861791	0.00715772475564358	0.046745933095052594	0.033559178464601214	-0.038433361429051516
37	838821_v1.xml	-0.20180156980986808	0.13741330696605536	0.025987522083485537	0.30722775378198786	0.3652637350148291	-0.15071843178176136	0.11041147777037386	0.09720713217994836	0.15897730609079552	-0.03700765385816185	-0.03793536527552499	0.23731588045023988	-0.01743093149666164	-0.10332034249339017	-0.008794292546850935	0.05985237024302503	-0.10925571031250914	0.1354344607242104	-0.039724669612214214	-0.013073364038119983	-0.29715740045881445	-0.10423518858596625	-0.044608371563677585	-0.0048000745986649385	-0.054101913684212244	0.049683255524320735	0.06550879062351089	-0.04220306474614888	0.05190936616866071	0.020886221543046424	-0.003158979883761903	0.01720968091603292	0.10928924184479683	-0.26733828347458544	-0.08375447006578063	0.01241078118943817	-0.23563883108579486	-0.0327555061580993	-0.038423229611706855	0.04458249046346385	0.16778035330454022	-0.02103506379724407	-0.12366152477997261	-0.14331016179647094	-0.029264897793754185	0.13923652354668603	-0.05716481666230089	0.06255396861070883	0.047113093221697655	-0.06771169090020179
38	2019.12.18.881391_v1.xml	-0.19111140653910064	0.061180858951118244	-0.15046040412730188	0.23242082112003515	0.2712426344055412	-0.22968120546689597	0.31846318411240593	-0.13482534884579134	0.11865040867620646	0.05790360276124673	-0.2840067276504934	0.12060871010452268	-0.11954090713099275	-0.019228890499034312	0.007547979719328857	-0.11586651405341786	0.06269913853749332	0.030295750924523412	0.0037151625531155474	-0.14837417604060232	-0.09028640592649162	-0.19474456166090603	-0.03422113374614377	0.04353774424030887	0.04304458273585543	0.04865719510569766	0.18200766924968637	-0.049191227343220456	0.001380052308376345	0.11225408693842698	0.0318265119142519	-0.0029900263787714376	0.14118135745813898	-0.21556757365940382	-0.04903731308656978	0.019505109363698203	-0.17557394008216143	-0.0110234382363259	0.0270777238259865	0.0673624002716866	0.18649314484143908	-0.05051059105820199	-0.11229299537469517	-0.07515324327635264	0.07506976947699728	0.06658553981169857	-0.03273672921846882	0.058043181965026114	0.05262667123468601	-0.046419577827306435
39	815662_v1.xml	-0.08894168198371477	-0.16830723962182215	-0.3183697849374112	0.06732510317165419	-0.03949444494938481	-0.054320549677528085	0.32040301946655103	0.3234674974036579	-0.11274556951072423	0.09735394637540307	-0.3229224392522594	0.23175998125930486	0.11807601964161585	0.027553208808861473	-0.05292322406327532	0.012837866834015554	0.01516414130027055	0.057814300180318634	-0.13236334685174223	0.07924932966515241	-0.14757925872986677	-0.1713512100331802	0.0008189231565494115	-0.013373868441985293	0.034404642731023505	0.045218000735780306	0.03876448919878972	0.03175116057988925	-0.05935124498134181	0.12121190187982478	-0.030841862985557356	0.021780327546989886	0.12360122496569059	-0.07377564551395066	-0.04645291000253815	-0.020883587418732086	-0.15857310625327337	-0.02810770010489172	-0.011970087444458821	0.06806725339887942	0.2142783814502799	0.04329729387444059	-0.11577490644706434	-0.06440325568516059	0.05430924510772639	0.14530110874770208	0.010184998443326654	0.04515224244305949	-0.004523771844896496	-0.04716899917514161
40	2020.01.31.928796_v1.xml	0.540744987819173	0.5515286668422849	-0.14233145700955285	0.09819343671738745	0.03937973484326118	0.005558864251588913	-0.003105804470851403	0.013730214221933101	0.0998965822055673	0.011598254333675562	-0.23921774409986973	-0.04725745396279901	-0.0727778210940615	-0.011936917141049275	0.09494488845442073	-0.024125440279405996	-0.015881200146586005	0.04009363484569195	-0.04634135692178698	-0.07026225741624725	-0.13631890771266586	-0.13361259059776742	-0.016937567501323025	0.07062843544033082	0.09482546778424661	0.01851608518245018	0.11753514434454049	0.019151539731356526	-0.02723790624400979	0.07314851801286748	0.004191429731820073	0.032707883208512145	0.039502789060682275	-0.13703250346606222	-0.028788239291813067	0.0037976617127830625	-0.10507605978405321	0.015932145840885537	-0.011330060447516166	0.0738699371071373	0.11402189489556314	-0.05461137339194688	-0.07722958048345596	-0.06759959396693271	0.06900242426724923	0.11476754094007602	-0.007233510778460461	0.038077327271687	0.06334043761698105	-0.05941889736842154
41	2020.03.15.992818_v1.xml	0.4777244435806436	0.4881128738574275	0.14371375776182638	-0.06937153912296368	0.09361611613765386	0.021902548100581343	0.03546333278801428	0.11146484061532025	0.1388288483105884	0.12039594492701666	-0.3129904013557929	0.049457102686554455	-0.09296026277940594	-0.030003067771031233	0.09540675506504381	0.07714125404416106	-0.028518893365288678	-0.01634137667904567	-0.034003912252421165	-0.11883526463794825	-0.1303347087811535	-0.08634959072349813	-0.05110065495738736	0.048402494717181166	0.07477774730589459	0.028158590797630056	0.10753381680848928	-0.02006580319061091	-0.021429257799530754	0.07673163885581369	0.052207935624006274	0.027109872677145375	0.057961437366575	-0.16853427585729586	0.05090630100886895	-0.020776043021071056	-0.17174934555077614	-0.022636361294302798	0.018141813040245536	0.07120711673577618	0.16464107459148514	-0.02658228123112072	-0.07694359317644062	-0.04454076410721064	0.0028127633459301693	0.11412750670192162	-0.006974511875491363	0.02839670086932633	0.02850444491591142	-0.030334382573574015
42	2020.01.24.915157_v1.xml	0.4130409318843513	0.40379946281056367	-0.04138413751630465	0.1374679991412523	0.2469869981808791	-0.13793976009622866	0.07616867233765945	-0.0529362360669392	0.07651866776065197	0.09587849547133931	-0.3400210463833322	-0.02763504370631331	-0.13108841525910853	0.009422853601353864	0.045047081912453546	-0.0252717284795263	0.0521221701625576	0.039219115209707445	-0.1371876390929545	-0.13105894637073745	-0.1348586004310397	-0.1530346726104983	-0.04311503652246107	0.09882748742397873	0.13081089040167027	0.03274511425931703	0.13132336784638687	0.008868779159132978	-0.019076069608403134	0.06895211075744367	0.013610954057364677	0.06186640912925767	0.1080493144831064	-0.16056142701499598	-0.04397749159919395	-0.01516727230530579	-0.14087112595967	-0.004225272625474785	0.0028995035740576602	0.03230080803670443	0.16255656581800937	-0.09037824160046881	-0.05730381993849121	-0.08815737643879773	0.0812607814430727	0.09446344055783751	-0.012163280508415752	0.06907916606364206	0.07223982120083916	-0.058756969234308176
43	796318_v2.xml	0.21149238955475425	0.36989341809715004	0.11331141143563384	0.3678844463107138	-0.1507463318610458	-0.16385070670338675	0.3635992040784779	0.016112085737438386	-0.028829985398806546	-0.04831222374281818	-0.2697881131336419	0.1877756102262491	-0.04118853084506102	-0.11348400863615926	0.02941624118274644	-0.09503081836657401	-0.02233232140412711	-0.014885379392390652	-0.08595367989201108	-0.0159949501651242	-0.11820533757202867	-0.0808287395920424	-0.06573204751554296	0.05396709287685397	0.0235237029519757	-0.07026206724682371	0.0738701106166546	-0.012993332142734237	0.04608378779178057	0.11768067719895092	0.05462785416065308	0.023310067926807565	0.09563403471625698	-0.19209690944118973	0.039963149278863686	-0.0002235322674806195	-0.12347665614779646	-0.044890426157523367	0.033689341163740893	0.05049884167568586	0.15867323571819925	0.024598218619116596	-0.10924249859352164	-0.06611991057157929	-0.008577774584012099	0.18293498595972002	-0.04729174401065617	0.04243879462478195	0.012755111593434454	-0.05272786622618031
44	756064_v1.xml	0.5985853572193226	0.20481681733931068	-0.19891713091584595	0.3209266568077407	0.07385438147924961	-0.13699880099522566	0.253587038845974	0.020498349901312274	-0.12935710351727248	-0.11469824728349853	-0.22437108786780202	0.04939897778709745	0.048001393628472666	0.0033543674655900357	0.03716442794140973	0.0021424502649529664	0.029125678360443552	0.06923679668411187	-0.04034897917028646	-0.037346356319366336	-0.13168175017959705	-0.1538377552490897	-0.09582078195639898	-0.05128991863906118	0.023823487457406256	0.03297718833169205	0.07243715960814057	-0.05358112015919225	0.007738385241602086	0.0983790865700257	-0.036516351041649964	-0.0753322490417494	-0.016836124926060902	-0.1432258463736018	0.013289069643345863	-0.020923734172943353	-0.042044671024660474	-0.06116207159644449	0.01628809992059177	0.010945717695051371	0.11221175846711262	0.04094625250414452	-0.05021489324552886	-0.04259956585385538	-0.028027029523325364	0.10209750338513668	-0.002194262930015567	0.062398821375361235	0.10378108793612273	-0.02833637489697849
45	2020.03.09.983064_v2.xml	0.07870736591135374	0.3178614738500387	-0.35882486256023016	-0.10450080444720422	-0.22647853672072227	-0.1110114994038427	0.21022362654540894	-0.1433103798783506	0.25189681990860513	-0.12687640908247544	-0.15612107257892105	0.22085143209255254	-0.03165347869048718	0.013364897534950293	-0.014340694617587912	0.13007293706652512	0.042516105006036864	0.06076010476833693	-0.15723525692901474	-0.09772074083611426	-0.04031167881937736	-0.11607876072814394	-0.1119519564189766	0.02348508941819305	0.023104127712404	-0.02367956107153213	0.02671283895503429	-0.005262114411184626	0.0030944249487047104	0.17085261538288488	0.11718335937276714	0.03598099410312383	0.030990006311787277	-0.1878148256934864	0.02871635398863137	0.006001844030933623	-0.14145034389077127	-0.0054192957773855355	0.014459636191896386	0.0248872752155318	0.11060316504652934	0.02671817032777457	-0.18197947717148333	-0.05932529783313778	0.008568285945770193	0.10316236246612898	0.030543985592994205	0.05517961402587235	0.12308014100183007	-0.03289181625234394
46	852541_v1.xml	0.43549402007503635	0.004631358033438948	0.1957331905601678	-0.13589547370540012	0.4185693661605703	-0.20784204994190358	0.1669079000951219	0.1499297036340812	-0.10320242239510202	-0.15095380728598684	-0.26258830024386115	0.2249198186584901	-0.004397958434222193	-0.1570890224307253	0.06954149614977323	-0.025339424038788305	0.08101642549652599	-0.02317370206846836	-0.009997378783291433	0.02371846440677572	-0.06977404282390287	-0.08345721628074565	-0.05836231989010243	-0.07079508939283796	0.10458989134264973	0.014827557405044711	0.07195823175378491	0.042689066429923206	-0.054024383815724386	0.002283958757689386	0.07139499382113668	-0.04061994854707973	0.042636286044379856	-0.13609595047731693	-0.019470318563985067	0.04778637155032062	-0.13517772199777944	-0.05217158455957538	0.006613183028700842	0.08703143625059429	0.08727210796118934	0.03541998565024429	-0.12234249105580619	-0.12649589798739092	0.03893215686048468	0.07130848880407048	-0.049812787826452265	0.060174955969808486	0.07338796519085544	-0.016595630189022437
47	2020.03.09.984856_v1.xml	-0.13234875273130053	0.049505741285848615	-0.06678905189987838	-0.17650044584723412	-0.16260800940124165	0.009216803028910925	0.4799327663492817	-0.013096222691219683	0.20381866864072862	-0.08705333989275132	-0.28325645429322766	0.09665207906291284	-0.06934062313251199	0.10250343180729571	-0.03721906820561349	0.055445049477654385	-0.010449391219798043	-0.04560351476053737	-0.07322761255623034	-0.0883117256075836	-0.0763305942389334	-0.17123932240133022	-0.0928809092620666	0.03793549801783558	-0.015146491365876313	0.08530355512383259	0.052204778041393674	-0.05496183743915273	-0.10802883167875077	0.1459631700475994	-0.03548903655631963	0.02113784858476009	0.14036536337303496	-0.20006531113919945	-0.004427151006906271	0.06931759153339268	-0.25084319199141514	-0.015048464461848932	-0.06290441230153099	0.015404239826929733	0.12923429338739023	-0.08895027352526563	-0.07430596524660915	-0.06387340220902127	0.01973904411312244	0.1037519386877147	0.0406703818275026	0.08350687785421385	0.10779452313948912	-0.05209997095085095
48	2020.01.22.915660_v1.xml	-0.06827333949378289	0.26061078693086226	-0.15092027737721558	0.17654829389652782	0.15905318737726348	-0.16758118496356156	0.18621070838245934	0.033484333363237306	0.20901468717808847	0.04629328021734047	-0.3957326167756574	-0.023808197083406757	-0.16137856550639507	0.05344170988324015	-0.015419094464927507	-0.0011187825060525736	0.0887130261594371	0.0217858816160722	-0.03782496140243885	-0.08098365634518556	-0.16461911246723337	-0.19794636701507584	-0.04999242318000907	0.06591016938851813	0.0463314982298888	0.04341964941528442	0.16612096448979652	-0.040524008816809065	-0.04620271181944213	0.07081312419882446	0.10392839166836199	0.03911510997409451	0.11838428226234132	-0.2065186918227062	-0.08225926201822653	0.0740811824241302	-0.20387211740665023	-0.03936746156996551	-0.037034790371192505	0.08644183676732009	0.225167999890571	-0.05448168552638055	-0.07608710225185789	-0.06622825238165952	0.03856819577935755	0.13458455879559872	-0.040382076071550754	0.08162761906576221	0.05103037395576615	-0.06197208403968646
49	2020.02.02.931162_v2.xml	0.46149287867763134	0.5289532754320038	-0.11176946780364139	0.15069216745910463	0.1289629385854918	-0.14540003186463513	0.015391365440958649	-0.016517018254747606	0.04025010097026749	0.0342689341894441	-0.3206102125082546	-0.012609265320830731	-0.10006337469250326	-0.017494009319084736	0.045242765714891164	-0.047506449340965595	0.04407953196649883	0.06419634092850912	-0.06508016780703363	-0.11459336583678281	-0.11227189989857478	-0.12010590548224931	-0.03246103680692558	0.10001433833532358	0.09535876600864313	0.012353665505631883	0.09857322955828085	0.0064312656939629065	-0.03456418771696401	0.06763538498825394	-0.012994397854669382	0.07311551459638621	0.04547523675442067	-0.1431146448955145	-0.033928321749664425	-0.015495298728145146	-0.16343950380516525	0.010500058740253504	-0.0256350738095823	0.05294366998970823	0.12941870475004014	-0.0751329260893614	-0.056366861449191674	-0.0697471881049887	0.0531936358593863	0.10963878106166813	-0.0298192809959672	0.03920875930112233	0.034875241925057865	-0.05401721276433902
50	2020.02.19.956581_v1.xml	-0.012073410819510855	0.20821730142710182	0.05398398233504231	0.2876618636354794	0.45188271577546835	0.04749452532037213	0.012657021205800145	-0.03319798953151554	0.059850005646203686	0.07151750473540575	-0.1266402383506684	0.027952412276868954	-0.3039376950760393	-0.023721762022878234	0.03946078763288319	-0.04625699776692227	0.007231211405475002	0.04113654986975057	-0.16409238367672585	-0.06432899539334946	-0.19316967701967513	-0.21018878834139731	0.01850198928309399	0.016595216105648736	-0.06546346622943022	0.006799712075828079	0.151173415137151	-0.12362244692651658	0.01078593196491573	0.07314529877738585	0.08528242656565221	0.03669953409600679	0.09257710804121855	-0.23621983127168256	-0.048186843256224465	0.01572409701907096	-0.22652532352964672	-0.038000341293753515	-0.03628203508057992	0.0554453585878657	0.19488849504203754	-0.07266359893042429	-0.09461700748553414	-0.07016442502901987	0.044819209365180024	0.11085626664744752	-0.07187412118714365	0.002226772458565396	0.06739091631291627	-0.03977404354479441
51	2020.02.03.933226_v4.xml	0.2831021593596592	0.4114208944932234	0.008301593081102121	0.26509959471068967	0.18916833781926978	-0.07852296524459801	0.18799165866504364	0.007031541856324819	0.07079248409300831	0.07756672743744353	-0.29348854973882044	0.03484639991648997	-0.19899326613570834	-0.004561016532109496	0.009293699918354048	-0.055957278370788455	0.04530090054389513	-0.009270934509036266	-0.13213220451354402	-0.05815974371938437	-0.15285450047655402	-0.2552198215439132	0.002938841195512465	0.0265457980185565	-0.018818757058802316	-0.0013786195737448548	0.19465687424122047	-0.10844080276779433	-0.018289755238996452	0.09571064394848805	0.035917429930243494	0.029552495753224384	0.04665026124150151	-0.18543118032780126	-0.08827452406971559	0.025231668888918368	-0.20820755755319031	-0.026570535502215442	-0.023567356488093827	0.05629677981231196	0.09886213860567283	-0.037178923686652654	-0.1358443843376298	-0.09977036872149236	0.01853131822649401	0.12612128903250786	-0.049676312734306505	-0.00753073289133166	0.04798180685673992	-0.055018277745462196
52	797183_v5.xml	-0.11921017153849056	0.12893494723709964	0.17463189364050613	0.4844878038694824	0.19884561966951053	-0.20215401520208465	0.07062497429976655	0.16709019915295442	0.10778533136350066	-0.1362599067175736	-0.10066441167052931	0.11616870527221157	0.10386907304054505	-0.11186313960185057	0.02878387840121066	0.11168533402218883	-0.022834144314982874	0.003793954739710337	-0.1662518812225695	-0.041233673359562406	-0.19036672865166238	-0.12471080329145545	-0.08072434655179728	0.046163724295194664	-0.06120546031715035	0.10473566952911273	0.06804012697903439	-0.07754136253658417	-0.052927156814304155	0.07057696503267863	0.12194118473559179	-0.07160327368985686	0.10265139492710673	-0.2436200202649328	-0.025776043348085143	0.08143505302198717	-0.18533610046338622	0.04793637818894103	0.07038940130689308	0.03727133493007129	0.12802632178215845	-0.023559930413222574	-0.06681834307349743	-0.12890967610580928	0.03710130933421585	0.16889005637872923	0.03579725672315304	0.03445969517300307	0.05225501404902344	-0.055607266815912215
53	755652_v1.xml	0.013029296026683346	0.18418655728769406	-0.33154061164631843	0.23251089827016014	0.28500971186102586	-0.19307961175958233	0.10240490956950565	-0.15859866808683698	0.11534486082640072	-0.019827791651535254	-0.2121879819237784	0.21268732932485424	-0.04110961363202592	-0.08821510990393899	0.051074454387590396	0.04273881290371628	0.05153941978070964	0.10239640668285288	-0.12382653311532565	-0.03528939627802696	-0.1718366283690751	-0.17961280039778393	-0.10667740453555385	0.04090663818519491	-0.01917156826339128	0.01920252289530111	0.15416413216836644	0.0350850775254653	-0.059978910601446556	0.021306861413698308	0.08923130406480617	0.051793220212105084	0.13839377373280737	-0.19398969211094785	0.004000598204773276	0.018122581478560496	-0.12554406606531598	-0.07587600196192157	-0.10985873334598706	0.02410076841538278	0.15840225225174875	0.021761700189213307	-0.07268749151957943	-0.1188331350778229	0.01805214282496892	0.103469216607317	0.036170600796515906	0.011740381256727384	-0.03787086131169404	-0.13787119687860327
54	2020.01.23.916395_v2.xml	0.5896405966900925	0.03408281876816455	0.08313746768560148	-0.13068575524084602	0.04488522094638092	-0.20659050742337315	0.30649110288296455	0.01783084642684596	0.08481542787752105	0.12880622936262498	-0.16578508303127992	-0.026667482601555603	-0.03258694353916347	-0.1693799148543298	0.1516413408016687	0.0027390835359623056	-0.06528320550477673	-0.01980269796355505	-0.02824745478460078	-0.17127121117937438	-0.08901647044964389	-0.10558729641128739	-0.10801971675568756	0.05506081702294663	0.012951345309745177	0.030537309523033573	0.12390671639974404	-0.05708515222513788	-0.05081019487913907	0.07352907140917009	0.009235233962967992	0.04216413948116082	0.0937987106344883	-0.14440871933572175	0.0063811849009765	0.006406891177880847	-0.1907994644418729	-0.00914171917423623	0.0115324260260119	0.05776655318096113	0.0996567097801111	0.006595432173428617	-0.0898083685005393	-0.04137001221914338	0.037173983192593796	0.12047029338538273	-0.025054335072914213	0.03116175824057632	0.06382321904067467	-0.006643663894623675
55	773812_v1.xml	-0.1533187115244279	-0.12675505478409876	-0.3769422712130728	0.14048255667359932	0.325547280927204	-0.1689682722686463	0.1309022972372209	-0.002152112498088554	0.02477911343848893	0.11193116296907824	-0.12165681674066997	0.19694993546011386	0.028524394180592827	-0.06676446270276415	-0.008897725458457462	0.030605614990520058	0.005306150844265667	0.04034215546070197	-0.013863180308816947	-0.0327282815831651	-0.260303261248755	-0.23005773001775687	-0.04140527099478053	-0.016315111772001956	-0.05249185602109252	0.026435370061921093	0.04875059412102811	-0.04752155752199938	-0.034343897317759664	0.10286650387631013	0.06567336936860246	-0.04425752391303295	0.12412648283477201	-0.17401926967404346	-0.023030793365917734	0.013170421742162541	-0.17802922030166535	-0.03508733479952575	-0.02671590086812836	0.057426134628599024	0.1813134174135742	0.07442258658689838	-0.19306560590972377	-0.0038939511079640887	-0.029540285134481925	0.15966793570192772	0.01586367052300075	-0.007456913769288365	0.030391889753122903	-0.05125139382029098
56	791269_v1.xml	0.4640870909826156	0.16610789544925075	0.25202937728996533	-0.13430081628529278	0.47662393883335796	-0.09450825302049948	0.17952969758234705	0.10760551943895458	0.019247544416495455	-0.18544143276560487	-0.21316185654519137	0.2083403300139387	0.02159633839092434	-0.028569482269363622	-0.02276159266903166	-0.05504505447922847	0.04583760422287342	-0.006562574084036266	-0.03691707852884174	0.0353323059962426	-0.06160196447873045	-0.16587626039795422	-0.04517656620299637	-0.08039027314579705	0.06176737869855753	-0.024807438557258976	0.07996183907471488	-0.04918296141642342	0.0025660675993075532	0.05228707913852637	0.0570573643426282	0.01875015127693591	0.07870568356515362	-0.14694400208265912	-0.060665195327998855	0.04397728663225342	-0.13749450821127573	-0.02747236890639093	0.005214798581810287	0.07756591700166204	0.09260572498894482	0.030043476947903214	-0.1206346646450196	-0.056956577605916436	-0.011974840946060938	0.09699242634145122	-0.011001287535018056	0.07862463632292327	-0.004536193705150904	-0.06055113246960597
57	782839_v1.xml	-0.04017024983881612	-0.020318535271018456	0.052533020077854764	0.32288848323597086	0.22951803966039663	-0.20981207016449965	-0.038245006310566154	0.3957231947680804	-0.03117086321396978	0.0446564859981341	-0.2638353956319648	-0.012192519783456923	0.22234297699888406	-0.09220803377295761	-0.030342348915013417	-0.014882291026558914	-0.017615574678679247	0.09801838198616242	-0.1321368717585556	-0.07124222345317266	-0.10623529042962265	-0.10306449118243677	-0.09121268791647363	0.10428387248534754	-0.06146533400734544	0.07404171253035396	0.09497829183732576	-0.006134079513494317	-0.06520527215571414	0.09929571625467326	0.2084587537855842	-0.055341153943187615	0.10593797562743534	-0.20152275016601262	0.037331707095072275	0.11708563669469663	-0.1313226589242671	0.024921724540595713	0.07344219027821419	0.03965650776666518	0.09872236693635272	-0.06456293987526807	-0.054392823590751815	-0.08058226032754146	0.1191016682256989	0.18997524217032158	-0.002588671358043193	0.061978950720129045	0.027914985763953903	-0.09850894302417101
58	2020.01.07.897496_v1.xml	0.5023043578589723	0.16479526226543628	0.21807804903830896	-0.11076603242919925	0.37186640609698574	-0.1173357478609276	0.030343906408712984	0.24537897590708713	-0.0300308940361127	-0.06187585796561601	-0.28284429428007996	0.14426354325984725	-0.04060379532819014	-0.05245308624302214	0.0029331199207599523	-0.02702528599155718	0.1134283650043455	0.008523063226188898	-0.1053742309659087	-0.06600827274390575	-0.07828090377853503	-0.17210832803683407	0.020318547130800724	0.04283228248502935	0.011507872028699517	-0.028667629553443374	0.029956045591288283	0.026955709179178666	-0.023611848854308226	0.05528273594541999	0.032846816778065446	-0.012152095489909254	0.0607435167745608	-0.21598034165551527	0.007452211511902451	0.06599890006482034	-0.18548363374949384	-0.042474155006184455	0.01564429027283376	0.08983677678444413	0.11936646585634181	0.016602416648034413	-0.14722551126910388	-0.06579988185265129	0.021183126856468615	0.09804304163358091	0.007821012215521894	0.07640696407184622	0.03571535861250452	-0.01726620810705337
59	869313_v1.xml	-0.30527726079351547	0.1352931423658723	-0.3966169039543437	-0.26036503868487304	-0.09441141418706156	-0.20918921884045982	0.15845048401990447	-0.1277014384916466	0.16840044627819517	-0.04795935374471827	-0.1895890502313622	0.17035772518561365	0.023373087399461312	0.028165199899078397	-0.040896280965737386	0.2172313916438695	-0.02937068227571671	0.10609568143823711	-0.10667817857760764	0.027978025393247563	-0.1591492492566109	-0.027021387760529647	-0.11148507104273664	-0.029746539484842183	0.02236359782794828	0.008805311218109346	0.049093227894449476	0.036809571971703425	0.03384283166292601	0.03685998862322215	0.04819307064466871	0.05381005008225759	0.07022294605323787	-0.19931688216858934	-0.012887748101206187	0.031227722750454046	-0.18878093717571698	-0.005088215501631854	-0.053555890766921355	0.0011488140684660086	0.14417279685721562	0.08559358891839708	-0.11434162963916283	-0.07673477534510287	0.00816601231771441	0.09435582570232248	0.04139640023666025	0.07789672977497242	0.05096604182218423	-0.04453899427441943
