category	pca1_cossim	pca2_cossim	pca3_cossim	pca4_cossim	pca5_cossim	pca6_cossim	pca7_cossim	pca8_cossim	pca9_cossim	pca10_cossim	pca11_cossim	pca12_cossim	pca13_cossim	pca14_cossim	pca15_cossim	pca16_cossim	pca17_cossim	pca18_cossim	pca19_cossim	pca20_cossim	pca21_cossim	pca22_cossim	pca23_cossim	pca24_cossim	pca25_cossim	pca26_cossim	pca27_cossim	pca28_cossim	pca29_cossim	pca30_cossim	pca31_cossim	pca32_cossim	pca33_cossim	pca34_cossim	pca35_cossim	pca36_cossim	pca37_cossim	pca38_cossim	pca39_cossim	pca40_cossim	pca41_cossim	pca42_cossim	pca43_cossim	pca44_cossim	pca45_cossim	pca46_cossim	pca47_cossim	pca48_cossim	pca49_cossim	pca50_cossim
animal behavior and cognition	0.5707307468835026	-0.13413815764848502	-0.04712219308248211	-0.11717519353984351	0.14413474169638396	-0.1955212556365704	0.20348820824461422	0.001324742735424267	0.08864452356567942	-0.05253247285574747	-0.026606275951913005	-0.10864751403994655	0.14133590880363056	0.03496513557437708	-0.005772350718243668	0.013163607073674699	0.053652152550407006	0.028523039785008142	-0.034538370333618174	0.13759049327927475	0.04872394519903511	0.1760834503104305	-0.15417315237314777	-0.01981109307403006	0.06796016200826682	-0.053219190519929516	0.050730524012396305	-0.05148569531553804	0.07212895091379323	0.07090948259286545	0.002807696647169511	0.002517759537030484	0.1084529329329823	-0.09180194141778131	-0.13830931132421997	0.060469098046540215	0.04557048458686486	-0.11258130828314328	0.1627335960207814	0.08996652714703202	0.11090806073928461	-0.06346752779687259	0.14163973347520842	-0.036174690158769396	0.014203278408075004	-0.14215012107846237	-0.06948441052864296	-0.011198264093780441	-0.15414613296742763	0.0461250828300519
biochemistry	0.12677760551951045	0.051383465641731685	-0.31587170398103304	-0.1027696003135361	0.21452046099110345	-0.21828339562958932	0.26251698225341014	-0.1271883843018542	-0.015786338687488133	0.010891472304381922	-0.04368918424273982	-0.11889564567437216	0.08224085234245704	0.04071736628026734	0.024461297615391953	-0.009453295171489406	0.0487819790300521	0.01727371676834022	-0.04713943538027876	0.1457757613126931	0.06844702548498816	0.17760733464052603	-0.16864203225910535	-0.013630199702151513	0.08225408554731273	-0.06483442406031648	0.08608720714006557	-0.03810283251895763	0.09922096201975583	0.06523541838235913	0.027194902827791467	-0.0023965749055161467	0.12303048341431011	-0.10559521300536923	-0.1579203907266702	0.07689170084230046	0.060211741601973734	-0.14364055167256673	0.1744286056744735	0.10445445016922261	0.12501354273684684	-0.08937536950113856	0.17161078412984965	-0.037690622415306185	0.0182857142256605	-0.1823867313941292	-0.07154561496443845	-0.018324544078057947	-0.18688924224907444	0.053927447202497425
bioengineering	0.3418958575424982	-0.08250835384199084	-0.25477612577752273	-0.06884794987393361	0.1016291719744501	-0.18430224579325305	0.35986774141096944	0.047100647379095695	0.03983396964563435	0.002820489273554716	-0.05736537399232855	-0.07694721971811802	0.08113133552955465	0.02468154539887457	0.04378186912033066	-0.028018730773628375	0.05477858825735604	0.042163486374414694	-0.06521283136916578	0.16116007133372556	0.039726075228822766	0.16069851543044444	-0.17477974421407683	-0.02763690876948388	0.061798256007343455	-0.042453511645794695	0.07556056497726316	-0.030283751988317675	0.09442216234304235	0.08730102071561485	0.022609469754160894	-0.016537808761380335	0.1234262525968508	-0.08910936887942844	-0.1606828811111254	0.06309676986993107	0.06211080582542461	-0.11832915521144138	0.17624537963816844	0.08679099952721003	0.1215608467808742	-0.09046581019927213	0.164317706397631	-0.041459640540885356	0.022427936034565277	-0.16736065614400375	-0.07516124353677234	-0.014209044190602649	-0.17746153366021677	0.052863866334028065
bioinformatics	0.5512894609858401	0.22242016069242998	-0.23913384060202403	-0.17262913990202167	0.06806405702129414	-0.1750177251806102	0.266699873211933	0.014189240949689097	0.015258835229861045	-0.047758947442722244	-0.026890500739455092	-0.10578331858309475	0.0811243896245476	0.04139354115213856	0.03729726664614219	-0.011579083586983119	0.0492280451092868	0.035733326779301744	-0.02015495354019281	0.13644063557254116	0.05619758880453407	0.14408904780263854	-0.14822920983114796	-0.013652380012747933	0.051849754906068246	-0.042180019389652434	0.06439737032887505	-0.033082152424360745	0.08309502499462862	0.056547663097991974	0.014849628593570419	-0.005749070295930636	0.10120755827429784	-0.08048957985716876	-0.1252913454530955	0.05313961809876577	0.052985848073500486	-0.10749469562797231	0.1418552029973632	0.08531675710228437	0.09543554399836329	-0.07180248902165576	0.13406629007410054	-0.03289589053241215	0.014370263117990167	-0.14180544599761857	-0.06661500161916489	-0.012146373418140177	-0.15202393402414383	0.04463189108300902
biophysics	0.3389974717621097	-0.08293376630389449	-0.35110335709208895	-0.10133326282522437	0.25127077301857215	-0.225577580583187	0.2810770134780076	-0.008876281845467071	-0.027261331372201214	0.041932114158029776	-0.03374079214337189	-0.09361237819335444	0.08347610774054248	0.05425915883620014	0.03682829901230211	-0.019930974843707316	0.04495302671115231	0.03469953283753047	-0.04708798638042988	0.1652005390157607	0.042383472911452946	0.17203013333966766	-0.15263772407443832	-0.014645422808035935	0.06831827653114697	-0.06061234876716037	0.0691246774403177	-0.03785487522446118	0.08930313268681	0.07884434779843319	0.023280125306107013	0.0033802815531372987	0.10922912755742142	-0.08362200756684235	-0.13075513237824832	0.06364126730838737	0.04674632642656096	-0.11311493736947598	0.16557926880275375	0.08794617075762856	0.10481504105910378	-0.07347037975578519	0.14335864403976395	-0.03990372959342192	0.017568248129779085	-0.1602499759626459	-0.06550634609805495	-0.01030906199839876	-0.16602314688711584	0.04948215468114736
cancer biology	0.16808626730052745	0.12349421990419163	-0.08351622688997185	-0.30907837112847036	0.09279070006544066	-0.26382741046241254	0.4107560675380637	0.03829801572500546	0.03193702154647171	-0.01732209199730317	-0.003864405565550344	-0.13811516223933573	0.06440909468855471	0.06468348631447718	0.01827387208750253	-0.048186568149911846	0.042796446516548015	0.07929750823771697	-0.05593437484877284	0.10471285022673293	0.05249297775622341	0.15042419080859393	-0.17040321971849437	-0.018595355918366696	0.05731557694303113	-0.05548447906885201	0.08875500619859344	-0.07224504212008331	0.075032559272736	0.07742584720087886	0.02409312754400228	0.004524140286715439	0.09807379182624365	-0.10097877521020848	-0.14481758245830045	0.06988171070647375	0.062291009909629436	-0.1307414835156766	0.17365407247123765	0.09017628444820569	0.12226680434272785	-0.07697566790470556	0.14938593850767967	-0.033567479774128106	0.007051967148260063	-0.16115094733138746	-0.08068035671442719	-0.02417657566262621	-0.17159170376855548	0.05500771813758287
cell biology	0.04381027418053107	-0.030398745055555842	-0.23320546299125056	-0.22410213132477552	0.1768017065983758	-0.2538119379915924	0.3033348193781289	0.06787080027624393	0.017679121466763426	-0.01956205710221459	0.0010603699009900103	-0.09345436838553911	0.09327711822010532	0.05831827526741862	0.012543161621520027	-0.04506909281666527	0.04382442194301772	0.0158717868229884	-0.003868395718913842	0.17272076498532307	0.0926028512366307	0.18402735285964233	-0.16915492687420497	-0.029799164961957114	0.05098350349641467	-0.050441045569131315	0.08361140475618756	-0.04657944128142444	0.08563530923220508	0.07576543829901727	0.012985012377241256	-0.01056093730873342	0.12568053887067632	-0.09964472790868695	-0.16986752884093836	0.07522812043918625	0.0655401689509012	-0.13074980445736695	0.18908915267435977	0.10621379425122757	0.1187193671973038	-0.08874570983627406	0.1691493030365887	-0.04194141043016186	0.023377911594926193	-0.18606005314365048	-0.07977744722902891	-0.013866977754661391	-0.18927230116817872	0.05491042645046873
clinical trials	0.4972083394479778	-0.06650290800852776	0.09492036210946175	-0.12576441735453514	-0.027923278339671675	-0.19688181397619964	0.3194959600911469	-0.09023279209197899	0.04625131497525736	0.032728512387413033	-0.01717019126645547	-0.12417375538472264	0.11266092959122687	0.07955464836102577	0.04843050040380825	-0.039969648867368424	0.0595520259871446	0.04435739330276334	-0.03622080805336503	0.15913980906968617	0.06083103567088011	0.15110194466503912	-0.15769408083399528	0.005335553252735048	0.044057164969945384	-0.04677608852832815	0.07648362312114321	-0.026618484305394263	0.08281698419196704	0.08361142526761833	0.034817657679990566	-0.012831210206393884	0.1030544444513829	-0.09766191453865258	-0.15035506112813124	0.05134769319420307	0.035378191571055595	-0.11271918337357034	0.16611638352012192	0.08842332865979197	0.10382976932772126	-0.09603466333194266	0.1575934468571194	-0.030730060952027793	0.0231390600134862	-0.18099455413857313	-0.05670660750861978	-0.027797176158122383	-0.15521179084878045	0.04647384682321021
developmental biology	0.11259459160603602	0.007299509031794993	-0.14515381109053993	-0.3049375823767879	0.16725291745219195	-0.26252115500181494	0.24053716819658533	0.15772393357644887	0.041127147722998414	-0.04637141074653983	-0.0012436280562797553	-0.0882796987521135	0.13999319909160168	0.05212638505402256	0.034365321772374946	-0.01540187967330331	0.071364246238097	0.01844996801401677	-0.05762096294267227	0.16032151319999088	0.07529483118598079	0.15612348141402843	-0.17069994441896563	-0.01666838090472278	0.08958868246032481	-0.04550789859651383	0.06745745409532844	-0.014803821057157718	0.09632952376887982	0.0654021454043513	0.04297990476896163	-0.026821067944277077	0.12562474256045697	-0.10651350412991945	-0.1453019789297385	0.058930656452803154	0.0789072655895322	-0.1355063126407321	0.1805175633790178	0.11891438796329434	0.10052427034412204	-0.08579522715526378	0.17325832814799302	-0.04198501125154763	0.016142238115579466	-0.1891058490565709	-0.08556381205607089	-0.014594460063520831	-0.1831872435019617	0.06848457699448718
ecology	0.5505087546609211	0.04241991826508795	0.011568379025362452	-0.004265439247548741	0.2790563734806354	-0.19842923764102216	0.22952221392650485	0.06393110766605004	-0.003926029880458648	-0.05903957141908034	-0.05883993645725982	-0.10948951518535055	0.05963910954513729	0.07851214266879358	0.006249632999978827	0.015687083562721527	0.022318440997267985	0.03548413811810158	-0.03155221240937145	0.1360831414793512	0.05835262411665776	0.13716206899567196	-0.17267895475541817	-0.02223287720214473	0.048472010906383645	-0.03355045887886021	0.0775110689532914	-0.043840313541907205	0.0731191686157141	0.05516979824115076	0.021926279085366707	-0.007495461540956594	0.11136109082620815	-0.08958276965181877	-0.14299383571815416	0.06523806961883472	0.05721901988490474	-0.12599653032822022	0.15996796717933393	0.08983261304793422	0.09434990090565654	-0.07484764875844219	0.1414139056982633	-0.03843648453913162	0.023870742241808518	-0.15832670816749483	-0.07134404972422037	-0.013855120092177042	-0.15654819837622913	0.050469972340991376
epidemiology	0.5584728338262995	0.06310739412718847	0.11137152424719943	-0.07107332117299214	0.11551770743146328	-0.19049818290031295	0.31195773870040244	-0.021055514142463316	0.03209350489861795	0.06229968188170809	0.017250262709981423	-0.13462972873591283	0.0743566462121974	0.08220853034090614	0.043143505563233875	-0.004230767271965474	0.026791606617180497	0.021515507623208308	-0.04010399157245148	0.19015982690089261	0.0951628812493408	0.1358988768427014	-0.14960106471495482	-0.018818222136426366	0.06978346821372527	-0.03032800310544226	0.06252219699691897	-0.008110786438985995	0.07368067207708595	0.06029427866735637	0.02323674346240323	-0.001762607576059283	0.089682138955409	-0.0846428440531779	-0.13410733745803372	0.05950389978652648	0.052750675225488264	-0.10936942610572498	0.1540511075476827	0.09083252265559305	0.10976620067417353	-0.07965817408293163	0.13196805361705977	-0.03214897383730975	0.014576131240206402	-0.15944220288593014	-0.07082620265488826	-0.005797197144462807	-0.15974612459375526	0.04898697688585896
evolutionary biology	0.5080318254014636	0.16636662311591932	-0.05485871891276517	-0.11125457161149033	0.27281467056382636	-0.2847573972722772	0.2054217992213282	0.054032811426195315	0.05198071764048351	-0.034808952024864004	-0.007805821691278414	-0.10774460644854011	0.07615207035724247	0.008262228442578401	0.030860316538614874	-0.016659807824208173	0.046335502670633466	0.013049479181321377	-0.033991141558156635	0.1274816268946376	0.0440272004328488	0.1442977158471046	-0.13368611311982237	-0.028706576471466683	0.055605053893605705	-0.05550130428069	0.07852348649163421	-0.037663514064633974	0.08357717612567395	0.07819395430847065	0.015784914179368892	-0.002819804742951293	0.11026306074566727	-0.09119947327234823	-0.12913956140008032	0.050724475996471785	0.05577492084946589	-0.11318619295827781	0.14920189262611472	0.081193738275816	0.10889867730772274	-0.07752748186881586	0.14801812167719253	-0.030536320734717348	0.018795168840929244	-0.15559327437365744	-0.06219700869240885	-0.014367622762927468	-0.16111521890092706	0.044954517915262504
genetics	0.4565086880141167	0.21275462190838013	-0.05240887391486626	-0.19830570016025306	0.12162550140815076	-0.31166313067172613	0.23867375623353282	-0.002072491286206457	0.02867436196872486	0.001997930142840443	-0.010450001281262944	-0.05249210071585697	0.08816607978593727	-0.005536010495762023	0.03241510170172579	-0.022124192892128747	0.027471371432012615	0.027641551259450448	-0.036580577672520764	0.15628021628567557	0.06786421178036528	0.1640158777924252	-0.15364907958292973	-0.018644927013653723	0.06312463996962325	-0.04034590763893142	0.07329698245631144	-0.029964730136465167	0.08539182670140144	0.05502328664512701	0.023231981386090395	-0.006580811268640296	0.11095343110741007	-0.08436268572057104	-0.1475794428120567	0.06938875224641805	0.05256368453938587	-0.12256570863340821	0.16355700190271683	0.08901819687632584	0.10419540966001939	-0.07949231555129765	0.1483981191030993	-0.039072400203364	0.012455238310495775	-0.15741783447272106	-0.06715488934788261	-0.012285884752048615	-0.16209960970319126	0.05093253090207517
genomics	0.42465660794084115	0.29556475229222434	-0.15316645161656095	-0.18758103288591754	0.0949021234744748	-0.28288339321070355	0.21818673225320717	0.024893616869961832	0.05505680764688814	-0.0204433124431449	-0.04932692808870831	-0.08989833201331021	0.07359794409667253	0.04669607785232022	0.042230705772733135	-0.024183443101567725	0.0340057801648489	0.023408528267696016	-0.04262895657706833	0.15161420469736364	0.052137475231207264	0.16565697362312037	-0.15899868817360563	-0.018252875542614122	0.05788752773996264	-0.04102604993163572	0.06568333387629921	-0.03176706592802403	0.08325508660596426	0.06836851499942265	0.018286006739126948	0.0034526584271786787	0.11026986897178137	-0.0820156188257366	-0.1375774160936667	0.06720878998170765	0.05352817620548478	-0.12104600773160801	0.16008327351960272	0.09075518330857146	0.10626317292277232	-0.07465092366800574	0.14521821953992953	-0.03547875952932422	0.017688466301544192	-0.1605235998895851	-0.06749528963752649	-0.01485167028134593	-0.1652787361448509	0.047116906460431984
immunology	0.1024296706018959	0.06982514352083424	-0.07036868814907993	-0.2524426872946668	0.08685907689186301	-0.25287185237894283	0.39152401607431275	0.03336923384061219	0.05205331373507516	-0.019496038224238177	-0.0117683321389086	-0.20015167980641024	0.04702190336553336	0.044606553320751696	-0.005865828528638817	0.004878572690361405	0.060947918240830234	0.01855301365300932	-0.03632419357374217	0.1761242466506352	0.030195229086417585	0.20855600245050487	-0.17241183797618165	-0.04489205332456492	0.05110340670463276	-0.055841048147752925	0.08121730730833909	-0.016321353135702488	0.1366893446602626	0.060712715949155394	0.023695818650912526	-0.01329784919095478	0.12146483136576658	-0.08603330577741564	-0.16050802344834647	0.060580121886123384	0.05764023603537638	-0.13627257904228274	0.17025011786322253	0.08075771440637958	0.11547102471022197	-0.07939285036800214	0.167051180305839	-0.024808435626637593	0.015062458925350963	-0.1871959411645303	-0.06711947047930256	0.0007850868884471396	-0.17192785828485957	0.052265168563185416
microbiology	0.2190763426966974	0.16380134943647617	-0.10504197185366437	-0.034819169855165866	0.17963176873219266	-0.23093170273758545	0.313623671501827	-0.005960319166328665	0.06650723897392219	-0.05366263888650713	-0.0713009588608362	-0.16608006287785493	0.061523500890134364	0.011866831327050131	0.020055994153534207	-0.05673404385211711	0.06439708579857406	0.022652589236358267	-0.03614282626846865	0.21019392094519607	0.06083856464625659	0.1776499902805636	-0.18525422020320548	-0.0076325138850636964	0.07408915387740567	-0.04706829109267252	0.07944335913336231	-0.03459235874988398	0.07881922674657149	0.06518693068710846	0.02860398726005675	-0.0020952051658076343	0.12825474675134807	-0.10281523243279422	-0.15698356161397475	0.06935797698118251	0.07064684355834983	-0.13355939681576157	0.17774501617074412	0.10101051833467789	0.11884775453092766	-0.08520005086511162	0.16496015332008485	-0.04202080248024109	0.014181741425285721	-0.1817627600188605	-0.07877691274435494	-0.016082350701466908	-0.18778496884823048	0.06195439841399675
molecular biology	0.14891916431189112	0.1645719805906639	-0.23060310935650308	-0.1891043197351221	0.15000666104018578	-0.2667433826742984	0.25121829433876175	-0.03852826510005247	0.06526842791659682	-0.03836431245764449	-0.03017638105946374	-0.09611780390557523	0.08536781815697436	0.07598768819683555	0.018233032262621296	-0.011449739916794766	0.05149310976758725	0.007525898968776645	-0.058179024144519254	0.17422147759625572	0.06569683987178454	0.164163844521944	-0.1813245675254671	-0.023344043677393955	0.06968522032910807	-0.04524276971704411	0.09225213691657741	-0.046714744468507874	0.08790537360238482	0.06590957008503162	0.026697153119380368	-0.0013097328886533255	0.12310437828765042	-0.09888975891163487	-0.16259143020498223	0.07704504732221129	0.05790317726371663	-0.1345042442240305	0.18195651215877984	0.09974391838787844	0.126862280017497	-0.0990857902129394	0.17099724247574222	-0.04226334121534969	0.02055298946379469	-0.17827320332069352	-0.0753519155137754	-0.01908564161369286	-0.1894229908799101	0.057825056843147205
neuroscience	0.5304273303793665	-0.1913242031742044	-0.13524966015851692	-0.22868857311525703	0.07219476422056526	-0.21889786851689208	0.18865106990665326	0.00626826138379033	0.05244134953449309	-0.03904657070512152	-0.04122286452528989	-0.10943083555313082	0.056992708783218826	0.022129382404170284	0.037455000964522256	-0.022099025709138687	0.04561423720639235	0.017315019636157003	-0.031793211185367376	0.14808552355901594	0.05965050082428136	0.1506653202486432	-0.1612755184919712	-0.017773893192732038	0.060689552141211967	-0.04472842757015005	0.07932060893459236	-0.035269750663154964	0.08058002178347667	0.06597530611670654	0.024075520241928272	0.0003013191116796321	0.10836401309912924	-0.08698310684331867	-0.13677433099674463	0.062373262109031824	0.051849649591997005	-0.11876875171598589	0.15424826404348135	0.08740267320742712	0.10286696182140942	-0.07459766399398715	0.14326528687871687	-0.03496014216933663	0.015054915096873511	-0.15832285605267438	-0.0670875809374254	-0.015637909184633036	-0.16191279749989462	0.047452185024744686
none	0.4583416763018031	0.1564619956546791	-0.14184893991539083	-0.17735347016843273	0.1864884583314047	-0.21568992358357986	0.25912291423919265	0.029298857176988324	0.051492134439458326	-0.02498032567390296	-0.022943347416591653	-0.09615389124503038	0.09608335860958528	0.02759852294553533	0.03305861679733735	-0.004177140970499371	0.056579324994883495	0.026006911056505988	-0.03097529880040173	0.13568525414216914	0.05749749286096173	0.1657878769675104	-0.16384462871134597	-0.016974868065392945	0.04984163183449919	-0.03943497041759003	0.07557731859041295	-0.038810826341541205	0.0881639853465419	0.06783133070146585	0.03096207856801525	-0.007391544378289039	0.10957265883110234	-0.09121202326845168	-0.14873088909623555	0.07020876702799439	0.06221612297333856	-0.12496796924526654	0.1754863880941293	0.09498050659063795	0.11288785960897585	-0.07402721777485954	0.1338423237195847	-0.039067402816246544	0.01422154812382559	-0.1537198734023284	-0.06471410361901553	-0.013125037468812328	-0.17212312021617038	0.05558881796586468
paleontology	0.5229952669787261	0.0251155263069055	-0.0319145953520561	-0.0238477400706385	0.24976909497528033	-0.21231573260338643	0.14121839319695928	0.13054876100664947	-0.04834339520898423	-0.006261412601510141	-0.02278528626483256	-0.14159455514112618	0.0887422911061132	0.06754429841744614	0.038475362613117015	-0.02326819582385098	0.063763654666261	0.013777942183031966	-0.03678627358294806	0.11223925683872649	0.024743356368944536	0.10976131323017102	-0.12556976796106278	-0.03114507028726643	0.06732619170164444	-0.0356706577040935	0.05664763069809331	-0.0332841099055694	0.07295605756344303	0.06469662039170054	0.03721611712873818	-0.0003740880836693439	0.1412136452321614	-0.09337611400057466	-0.1451953037044027	0.045666231082798325	0.06608718041055972	-0.14003220536134298	0.16395421173565805	0.0905504124840455	0.12339718050113024	-0.08838404143902379	0.1743710269738813	-0.03219362674976023	0.00017013844954438806	-0.1534136729027049	-0.0743172371933074	-0.022870880768168345	-0.1741240012310561	0.03662251202305189
pathology	0.3000170344263994	0.024752282562080508	-0.04411134309124365	-0.1816636401604106	0.02787698554381768	-0.2127665790065032	0.3476534901395749	0.044119872491331535	0.0065879166805860034	0.01992351920770985	-0.03810236610800066	-0.1316745645443036	0.09524160823373129	0.03643214665302741	0.04875369950175912	-0.019728289198280846	0.10103476090892527	0.04795669778923528	-0.05280245051084265	0.16718586841710992	0.059154416556083445	0.14883751152320868	-0.1729782485559832	-0.036720895630603545	0.0599462042914648	-0.04390844189906251	0.08873569459405606	-0.047477692954678075	0.10055438185825794	0.055288853836024554	0.01365169920033793	0.0067991143862624615	0.12772083748993257	-0.08672114070260561	-0.1540280358044972	0.07841325149114287	0.06269765960767981	-0.1199118498997358	0.19106942100752133	0.09771014987889737	0.1254986048573482	-0.09020385018143728	0.1771739239948611	-0.026899661400492603	0.031348271919321546	-0.18292076610702535	-0.08006149124188111	-0.015141626287134002	-0.18746736013154797	0.06214437349068069
pharmacology	0.24101847085648476	-0.03819070886616549	-0.051134572276369195	-0.10913466110686598	0.08284101899418739	-0.21703970588674082	0.37882761848980795	-0.07952675679158183	0.008311049454025166	-0.03901445914924695	-0.026306757992808016	-0.12519670799918536	0.08778506140533748	0.0328966582596919	0.06379204142840578	0.00047370600563712006	0.06352433619865872	0.05127105339139759	-0.046776532831222184	0.15071956710006518	0.05441227903751711	0.18150203146669097	-0.16794733711454723	-0.009013645345602228	0.0710111539735081	-0.037280327927882606	0.07271313190078832	-0.04143484892660343	0.10034241084493167	0.10734296899974127	0.012068193566876384	0.012306405285888666	0.11551688733727206	-0.10453465235127268	-0.15651497656503066	0.07188187769039278	0.06554476117151642	-0.15831457159712992	0.18558778637927897	0.12885703910475743	0.10962481702148918	-0.10221640110734076	0.17751492154285897	-0.04663269115724744	0.01689877718776822	-0.1770044215533384	-0.07252842176718577	-0.018744551254494146	-0.19169664852187518	0.04409524790135411
physiology	0.2868625119357553	-0.11269664882124553	-0.01324546137692817	-0.12851247093164142	0.10584456373996243	-0.26101278037205966	0.3181756498106785	-0.007872304305287736	0.013166806110134543	-0.03788775962874502	-0.05938496917876446	-0.09498733313266938	0.12038605601107699	0.06499543847312095	0.08975404374970386	-0.005484310823436145	0.08777154732944925	0.03379030564961116	-0.04337487014223074	0.16377893442979408	0.04163966492269655	0.18223304044866195	-0.15604305781396133	-0.02935163069911706	0.06464064641382794	-0.05457198291270138	0.08201976832348179	-0.027224313109785347	0.09864562267396215	0.07172747163911974	0.00499084016791318	-0.020157972168595606	0.12176848564979559	-0.09324871768448095	-0.1710925901607263	0.07413344358080975	0.06416876427912321	-0.13314271359417962	0.1834641711568472	0.09832072276033621	0.12912354515965607	-0.09046958405621108	0.17678325587690136	-0.03948933156363599	0.028799883069120402	-0.18235934180026958	-0.08762764750000662	-0.01711855961724318	-0.193338674533041	0.051783886910371946
plant biology	0.2619973374379009	0.12310317267192905	-0.11090192609152072	-0.08711747745659615	0.22519037686243049	-0.256053425845437	0.2224867065813232	0.028782265305856702	0.010495338512531704	-0.11317969835214048	-0.07604385749602893	-0.08033817333004722	0.1099593826477292	0.03665636392648064	0.029928375247508243	-0.03936934148833493	0.06515004096472132	0.07425546439752684	-0.05133745392600586	0.1759773502821278	0.11415507166220773	0.1537061235986409	-0.17738040021371315	-0.029653580508546717	0.05243777023505902	-0.04191587971536159	0.10065296222101827	-0.03100590658575819	0.14935883022698437	0.07090841801267278	0.0662779178719739	0.00821822770341496	0.12293140964593119	-0.07091632694226968	-0.16521899911060411	0.06694647994532832	0.041268271413349655	-0.1298511475877253	0.19166168948364015	0.09820476841987569	0.13157532410503248	-0.07027917336093825	0.1656965822673998	-0.03316579890055138	0.013624378054449715	-0.1785979634212378	-0.07247360333152364	-0.019951418745258742	-0.1908696662924949	0.03922540785655815
scientific communication	0.6259033172095895	0.07266178570211335	0.026566942031906238	-0.09731144787209889	0.08299030913380989	0.01144797418165655	0.2566755141558207	-0.011425940081529973	0.03727370106914896	0.004990118086750539	0.03226488171299002	-0.10495015660079177	0.14633917287766485	0.10536015005504085	0.012791479867919286	-0.023611125541259215	-0.009561093876944593	0.025236264664516117	0.014824443994605474	0.13352994424071307	0.0574285389404432	0.1335347939965399	-0.15337411004300217	-8.081629377976185e-05	0.09896353108648825	-0.019125275414377585	0.09876537603096458	0.002018371229593585	0.06354337284405165	0.10113699308750335	0.034775641465952356	0.0064681022901461604	0.1097452170875397	-0.051228821264046376	-0.13287691553585468	0.05730031774076427	0.07872871593578157	-0.093607959046488	0.14912787469100452	0.06444311177881956	0.11384216290183147	-0.0785644463416415	0.14237220785881832	-0.02817234971067406	0.010758748591443434	-0.15226635415948642	-0.04111450281954743	-0.00228784077023092	-0.15913136316775023	0.06399749808811583
scientific communication and education	0.6586821418924609	0.0887392369558303	-0.02122374958307449	-0.10460270635580038	0.06445080566771533	-0.04107826904795697	0.23308025454127435	0.007414077024679	-0.008529904057297477	-0.025500921135541033	0.0501262794796179	-0.07641336284761979	0.11903984539796508	0.10262311610933028	-0.013069087088444453	-0.01987713733517915	0.003192739497124286	0.02403577736553031	0.0344530713439859	0.12388168149441503	0.03950007359323471	0.13080597833726237	-0.1352156674825402	-0.001983384534302024	0.11502872186801771	-0.02040509426733972	0.10666957700531143	-0.002847335395209649	0.05143868815146657	0.11268593209005362	0.04058733759674371	0.023505791958211564	0.10929320017573552	-0.04182737786391777	-0.121919692225122	0.0667819635548843	0.10002491943602188	-0.10172951021711474	0.13690133729127996	0.06250453728241179	0.11032621545598165	-0.07326207870178103	0.14293283567439274	-0.0268747571895811	0.005220147927876728	-0.13639000361216969	-0.029241222832000924	0.005046821234569343	-0.1490080781349108	0.0651011943552201
synthetic biology	0.2552915984956239	0.11494262218532525	-0.2939208156259847	-0.1238709765290198	0.21282693049409196	-0.1790965202368544	0.33455581258128664	-0.04474795067341564	0.1114274781680864	-0.07801594221171726	-0.03842965749678173	-0.0822961275084042	0.0748677835897994	0.013155668509471696	0.03169307496844054	-0.018330050719204793	0.03060690256822496	0.01789042817625508	-0.06907653003940695	0.17544972781168178	0.053975619129204344	0.13745946652774443	-0.1933547692406119	-0.008842060806878216	0.08078827997606552	-0.044963117219308124	0.08017562183006754	-0.006968311348569456	0.0803757901285167	0.07860155085106557	0.023868028329515956	-0.025260003221739158	0.10554384954988627	-0.10253221701738258	-0.16078147442673463	0.062312575262094994	0.048279646122048714	-0.12379008043919737	0.18841789858819824	0.07132511747394121	0.1183403939724883	-0.09108948479101642	0.1603788443390589	-0.03689937973079971	0.02063487872885772	-0.16110722236683195	-0.07717205445615316	-0.011601571911535657	-0.1634840688686312	0.04693071152434147
systems biology	0.40548753133470616	0.07944924595199143	-0.18721062850197678	-0.24654028229401126	0.21526985315797642	-0.19741052624748323	0.339701418525701	-0.002655573067419814	0.003672742357677894	-0.07343881339493885	-0.042086417900425	-0.11583263952304468	0.08242443602452276	0.04581212723935224	0.05136348815710767	-0.02835827107607103	0.03888807229321112	0.019356284549661873	-0.047027472901106426	0.15703169141274032	0.059128366859427905	0.14889692052476622	-0.14859350956041983	-0.018935645946749347	0.06778235687871426	-0.04809104472121528	0.07363098465777518	-0.034038291122674424	0.08307606806960321	0.06778054037144576	0.018797386144306594	-0.006005384354355714	0.09930016575848244	-0.0906947357889909	-0.13968918473723413	0.07303775068651441	0.05402507870229012	-0.12133244164090784	0.16273293065455563	0.08844865256948686	0.10339375963012587	-0.07122616137344684	0.1488958110801829	-0.034547482383084915	0.018468638851655728	-0.15897891604864034	-0.06849240095162812	-0.006061583303695661	-0.15931828673326387	0.04353313301871109
zoology	0.4398279887927239	0.021233303006269688	0.0032966333735248154	0.025913939547171805	0.18093357285128508	-0.2325279898500423	0.1893097697648144	0.10540802699334573	0.013911561122203486	-0.03213184976849526	-0.04686462666482072	-0.12832627458454104	0.12413732701830327	0.06317266199498695	0.03222630671594795	0.020191977367195912	0.05986306735968572	0.038480247479597995	-0.047299530204221174	0.1525395388753904	0.06495110164921647	0.1715203262497914	-0.15972290982191062	-0.03332031358291965	0.08881949299142244	-0.04485760557481222	0.06195548862906464	-0.05172954698700716	0.0852100125257027	0.07543649444961753	0.01711443669417856	-0.014121433387143112	0.11406785563828936	-0.1017783474746572	-0.14699719267381517	0.07468062474170933	0.06725143685948431	-0.14509910527466285	0.17169947088589732	0.09989734951245866	0.12357700629998691	-0.08237664232844555	0.16714956982635387	-0.04689415781045958	0.026574246526856027	-0.1629038558876883	-0.08138687359440544	-0.021160080468345388	-0.1854492822819378	0.05701487903128688
